id,actual_emotional_state,predicted_emotional_state,confidence_score,uncertainty_flag,actual_intensity,predicted_intensity,confidence_score_intensity,uncertainty_flag_intensity
1,focused,focused,0.9993560910224915,False,3,3,0.6852172613143921,False
2,restless,restless,0.8221336603164673,False,3,3,0.26721617579460144,True
3,calm,restless,0.648205041885376,False,3,2,0.6109408140182495,False
4,neutral,mixed,0.7476351261138916,False,1,3,0.7901833653450012,False
5,overwhelmed,overwhelmed,0.9688103199005127,False,5,2,0.7546652555465698,False
6,calm,calm,0.6047415733337402,False,3,3,0.9221698045730591,False
7,neutral,neutral,0.9947913885116577,False,1,1,0.36267462372779846,True
8,restless,restless,0.9896745085716248,False,4,4,0.8010004162788391,False
9,restless,restless,0.891444742679596,False,4,4,0.8379674553871155,False
10,focused,focused,0.9018182754516602,False,3,3,0.7572570443153381,False
11,restless,restless,0.44623902440071106,True,4,4,0.6668310761451721,False
12,focused,focused,0.8203954100608826,False,4,2,0.5475770235061646,False
13,mixed,mixed,0.9358852505683899,False,2,3,0.8506906032562256,False
14,restless,restless,0.980476975440979,False,4,4,0.9978485107421875,False
15,calm,calm,0.9574618935585022,False,2,4,0.9078125953674316,False
16,focused,focused,0.9384447932243347,False,2,3,0.5885665416717529,False
17,mixed,mixed,0.9928032755851746,False,3,2,0.5090533494949341,False
18,overwhelmed,overwhelmed,0.8459255695343018,False,4,4,0.7967534065246582,False
19,focused,focused,0.9893950819969177,False,4,4,0.8326165676116943,False
20,focused,restless,0.5122812986373901,False,2,4,0.6098960638046265,False
21,mixed,mixed,0.7447049021720886,False,3,4,0.916161060333252,False
22,overwhelmed,overwhelmed,0.9755381941795349,False,4,4,0.803254246711731,False
23,overwhelmed,overwhelmed,0.7893872261047363,False,5,2,0.262074738740921,True
24,mixed,mixed,0.984413206577301,False,4,4,0.2975832223892212,True
25,overwhelmed,overwhelmed,0.7454188466072083,False,4,4,0.696827232837677,False
26,neutral,neutral,0.953869104385376,False,2,2,0.6246832609176636,False
27,focused,focused,0.9925833940505981,False,4,4,0.6346107125282288,False
28,calm,mixed,0.4147462844848633,True,3,4,0.41728243231773376,True
29,focused,focused,0.9823142290115356,False,4,2,0.5324537754058838,False
30,calm,calm,0.5109947323799133,False,2,2,0.5099789500236511,False
31,overwhelmed,overwhelmed,0.9920302629470825,False,5,4,0.6229905486106873,False
32,calm,calm,0.7413459420204163,False,4,3,0.5196624994277954,False
33,focused,focused,0.9315287470817566,False,2,4,0.7698502540588379,False
34,neutral,neutral,0.9999151229858398,False,2,1,0.5939756631851196,False
35,focused,focused,0.9727478623390198,False,3,2,0.5152586698532104,False
36,neutral,neutral,0.9911713004112244,False,2,2,0.5232846140861511,False
37,mixed,mixed,0.9258874654769897,False,4,4,0.7049479484558105,False
38,overwhelmed,overwhelmed,0.9922282099723816,False,5,4,0.9525588750839233,False
39,calm,calm,0.99854975938797,False,2,4,0.6652603149414062,False
40,neutral,neutral,0.9930146932601929,False,1,5,0.6088393330574036,False
41,neutral,neutral,0.5781879425048828,False,2,5,0.34272801876068115,True
42,mixed,mixed,0.8988811373710632,False,4,3,0.4947226941585541,True
43,focused,focused,0.7440477609634399,False,2,3,0.8445936441421509,False
44,restless,restless,0.994741678237915,False,3,4,0.9801786541938782,False
45,restless,restless,0.9837260842323303,False,4,4,0.9221103191375732,False
46,mixed,overwhelmed,0.9502500891685486,False,2,3,0.5268494486808777,False
47,calm,calm,0.8444588780403137,False,4,4,0.7175940275192261,False
48,neutral,neutral,0.780963659286499,False,1,1,0.5737600922584534,False
49,calm,calm,0.9896240830421448,False,4,4,0.4043268859386444,True
50,restless,restless,0.9589774012565613,False,4,4,0.7338693141937256,False
51,neutral,neutral,0.9961254000663757,False,2,2,0.7990665435791016,False
52,mixed,mixed,0.960317075252533,False,4,3,0.5081548690795898,False
53,calm,calm,0.9958838820457458,False,4,2,0.44280529022216797,True
54,overwhelmed,overwhelmed,0.9994507431983948,False,5,1,0.6422302722930908,False
55,calm,calm,0.9953470826148987,False,4,2,0.8950357437133789,False
56,calm,calm,0.9582703709602356,False,3,3,0.7975444197654724,False
57,calm,calm,0.9806806445121765,False,3,2,0.5818728804588318,False
58,restless,restless,0.5619004368782043,False,5,4,0.405536949634552,True
59,focused,restless,0.4220946729183197,True,3,3,0.9226575493812561,False
60,neutral,mixed,0.4214920401573181,True,3,3,0.31065088510513306,True
61,restless,restless,0.9425491094589233,False,3,4,0.6952415108680725,False
62,mixed,neutral,0.31590014696121216,True,4,4,0.3700738251209259,True
63,overwhelmed,overwhelmed,0.9809455871582031,False,5,4,0.6431742310523987,False
64,focused,focused,0.9998075366020203,False,2,3,0.518634021282196,False
65,mixed,mixed,0.9990615248680115,False,2,4,0.647436797618866,False
66,calm,calm,0.9223780632019043,False,4,3,0.5414901375770569,False
67,restless,mixed,0.42881694436073303,True,4,4,0.5860053300857544,False
68,focused,focused,0.5108851194381714,False,4,4,0.6232204437255859,False
69,overwhelmed,overwhelmed,0.4943959414958954,True,5,5,0.6120442152023315,False
70,calm,calm,0.9997460246086121,False,3,2,0.9119362831115723,False
71,overwhelmed,overwhelmed,0.9968165755271912,False,5,4,0.44323086738586426,True
72,overwhelmed,overwhelmed,0.9534482955932617,False,4,3,0.5650267004966736,False
73,neutral,neutral,0.9244254231452942,False,1,2,0.3611046075820923,True
74,neutral,neutral,0.9956823587417603,False,1,1,0.7034748792648315,False
75,restless,restless,0.9134595990180969,False,4,4,0.7054436206817627,False
76,neutral,mixed,0.8975110650062561,False,2,4,0.6131460666656494,False
77,mixed,mixed,0.9417825937271118,False,3,4,0.43617719411849976,True
78,mixed,mixed,0.9917696714401245,False,3,4,0.42099350690841675,True
79,mixed,mixed,0.9988023042678833,False,3,2,0.6250149607658386,False
80,focused,focused,0.9995383024215698,False,3,4,0.5103554725646973,False
81,calm,calm,0.9986080527305603,False,3,4,0.8743159770965576,False
82,focused,focused,0.9653378129005432,False,4,2,0.47367605566978455,True
83,focused,focused,0.7535127997398376,False,4,4,0.6218045353889465,False
84,calm,calm,0.5903494954109192,False,3,4,0.8118533492088318,False
85,overwhelmed,overwhelmed,0.9998712539672852,False,5,4,0.6382827162742615,False
86,calm,calm,0.4653720259666443,True,2,3,0.57624351978302,False
87,mixed,overwhelmed,0.5903986692428589,False,3,2,0.6444066762924194,False
88,neutral,neutral,0.9844259023666382,False,1,2,0.813312828540802,False
89,restless,restless,0.9987462759017944,False,4,4,0.45014306902885437,True
90,restless,restless,0.8999667167663574,False,4,4,0.5226463079452515,False
91,neutral,neutral,0.49565476179122925,True,1,4,0.40319588780403137,True
92,neutral,mixed,0.4170908033847809,True,1,1,0.66365647315979,False
93,restless,restless,0.9974063038825989,False,4,4,0.9759864211082458,False
94,restless,restless,0.7642677426338196,False,4,4,0.4393720328807831,True
95,neutral,neutral,0.9764479994773865,False,2,1,0.8358837962150574,False
96,restless,restless,0.981991708278656,False,4,2,0.5490491986274719,False
97,mixed,mixed,0.995837926864624,False,2,4,0.4637065827846527,True
98,restless,restless,0.5852968692779541,False,4,4,0.5641354322433472,False
99,focused,focused,0.9779214262962341,False,2,2,0.6462467908859253,False
100,mixed,restless,0.41940388083457947,True,2,1,0.4284953474998474,True
101,mixed,mixed,0.994212806224823,False,4,3,0.7083246111869812,False
102,calm,calm,0.9975523352622986,False,2,2,0.601313591003418,False
103,restless,mixed,0.31894344091415405,True,3,3,0.681419312953949,False
104,calm,calm,0.6714130640029907,False,3,4,0.8729000687599182,False
105,overwhelmed,overwhelmed,0.9960863590240479,False,4,5,0.6131303310394287,False
106,restless,restless,0.9948016405105591,False,5,4,0.9062783718109131,False
107,focused,focused,0.8963549137115479,False,3,3,0.8920247554779053,False
108,mixed,mixed,0.9890296459197998,False,4,4,0.5313013792037964,False
109,calm,neutral,0.5271654725074768,False,3,2,0.8220579624176025,False
110,focused,focused,0.6217741966247559,False,3,4,0.7384177446365356,False
111,mixed,restless,0.4121910035610199,True,2,2,0.5864503979682922,False
112,calm,calm,0.9807419776916504,False,3,3,0.9033963680267334,False
113,overwhelmed,overwhelmed,0.9895846247673035,False,4,5,0.6497539281845093,False
114,calm,calm,0.9432646036148071,False,4,2,0.6976818442344666,False
115,overwhelmed,overwhelmed,0.9916049242019653,False,4,5,0.38756754994392395,True
116,neutral,overwhelmed,0.7772307395935059,False,2,1,0.7238560318946838,False
117,overwhelmed,restless,0.531373143196106,False,5,5,0.5169610381126404,False
118,overwhelmed,overwhelmed,0.9812708497047424,False,4,4,0.8361855149269104,False
119,restless,restless,0.6804952621459961,False,4,4,0.454913854598999,True
120,calm,restless,0.5231319665908813,False,3,4,0.7569624185562134,False
121,mixed,mixed,0.57848060131073,False,5,5,0.2848849296569824,True
122,neutral,neutral,0.978962242603302,False,1,4,0.3293330669403076,True
123,overwhelmed,overwhelmed,0.9981212019920349,False,2,4,0.8743566274642944,False
124,mixed,mixed,0.9986473917961121,False,1,2,0.38822638988494873,True
125,neutral,neutral,0.9984173774719238,False,3,3,0.4949091970920563,True
126,calm,focused,0.6949782371520996,False,5,4,0.31631067395210266,True
127,overwhelmed,overwhelmed,0.9922580122947693,False,4,5,0.5078547596931458,False
128,neutral,neutral,0.7878662347793579,False,3,4,0.3815518617630005,True
129,neutral,neutral,0.9887703657150269,False,3,3,0.8584997653961182,False
130,restless,restless,0.9406573176383972,False,4,3,0.30093589425086975,True
131,focused,focused,0.9997326731681824,False,2,3,0.4978184401988983,True
132,neutral,neutral,0.999345600605011,False,5,4,0.5699418187141418,False
133,overwhelmed,overwhelmed,0.50594562292099,False,2,3,0.45084020495414734,True
134,focused,focused,0.99348384141922,False,2,1,0.866007924079895,False
135,focused,focused,0.9996539354324341,False,4,3,0.3680679500102997,True
136,focused,focused,0.6455686092376709,False,1,3,0.388418585062027,True
137,neutral,neutral,0.9935775399208069,False,2,1,0.7378777265548706,False
138,restless,restless,0.8759353160858154,False,3,3,0.6315941214561462,False
139,calm,calm,0.8409356474876404,False,1,4,0.5224347710609436,False
140,calm,calm,0.8160885572433472,False,3,3,0.6066852807998657,False
141,calm,calm,0.9855055212974548,False,5,2,0.9032320976257324,False
142,neutral,neutral,0.9976576566696167,False,5,4,0.9605100750923157,False
143,mixed,mixed,0.9820783734321594,False,2,1,0.665245771408081,False
144,focused,focused,0.9901130199432373,False,1,1,0.3421679735183716,True
145,calm,calm,0.9976820945739746,False,1,4,0.6208850145339966,False
146,mixed,mixed,0.9702814221382141,False,3,2,0.5865079760551453,False
147,neutral,neutral,0.9080248475074768,False,3,1,0.8262355923652649,False
148,focused,focused,0.979688823223114,False,3,4,0.6237615942955017,False
149,focused,focused,0.651361346244812,False,2,5,0.808363676071167,False
150,focused,focused,0.9988839030265808,False,5,1,0.35892006754875183,True
151,neutral,neutral,0.9986454844474792,False,2,2,0.49141594767570496,True
152,restless,restless,0.9409266114234924,False,3,4,0.6949411034584045,False
153,neutral,neutral,0.8958744406700134,False,4,1,0.5184424519538879,False
154,neutral,neutral,0.9919145107269287,False,5,5,0.4796578288078308,True
155,mixed,mixed,0.9598594307899475,False,1,2,0.3863302171230316,True
156,overwhelmed,overwhelmed,0.8346397876739502,False,1,4,0.520112156867981,False
157,neutral,neutral,0.4690990149974823,True,2,4,0.34096506237983704,True
158,calm,focused,0.4797744154930115,True,3,5,0.4123604893684387,True
159,calm,calm,0.9152899980545044,False,4,5,0.352639764547348,True
160,overwhelmed,overwhelmed,0.9935031533241272,False,2,1,0.5917455554008484,False
161,overwhelmed,overwhelmed,0.9984115362167358,False,2,2,0.4207564890384674,True
162,mixed,mixed,0.9691120982170105,False,3,1,0.7376875281333923,False
163,mixed,mixed,0.7332967519760132,False,5,1,0.40724366903305054,True
164,neutral,neutral,0.9217386841773987,False,4,5,0.39986714720726013,True
165,calm,mixed,0.5320351719856262,False,1,3,0.5211364030838013,False
166,focused,focused,0.9927858114242554,False,4,1,0.506703794002533,False
167,restless,focused,0.81272292137146,False,1,2,0.673751711845398,False
168,overwhelmed,mixed,0.6992238163948059,False,1,3,0.48215535283088684,True
169,neutral,neutral,0.9824737906455994,False,3,1,0.5518904328346252,False
170,neutral,neutral,0.9995121955871582,False,1,2,0.5623443126678467,False
171,mixed,mixed,0.9688761234283447,False,1,1,0.3375675678253174,True
172,focused,focused,0.9915640354156494,False,1,3,0.5357617139816284,False
173,mixed,mixed,0.9994152784347534,False,4,2,0.3620087802410126,True
174,calm,restless,0.6596157550811768,False,3,5,0.5867889523506165,False
175,overwhelmed,overwhelmed,0.8001293540000916,False,1,5,0.30295565724372864,True
176,restless,restless,0.8375768065452576,False,5,2,0.7944645881652832,False
177,overwhelmed,overwhelmed,0.7778431177139282,False,4,1,0.6924158334732056,False
178,calm,restless,0.6973434686660767,False,5,1,0.47370216250419617,True
179,overwhelmed,overwhelmed,0.9979093670845032,False,2,3,0.9420061111450195,False
180,mixed,overwhelmed,0.720152735710144,False,5,4,0.615773618221283,False
181,mixed,mixed,0.9993809461593628,False,3,5,0.3938736617565155,True
182,mixed,mixed,0.8971443176269531,False,3,1,0.6041467189788818,False
183,calm,calm,0.8838188052177429,False,2,5,0.5370345711708069,False
184,mixed,mixed,0.7064887285232544,False,5,2,0.6819599270820618,False
185,restless,restless,0.8834924697875977,False,5,3,0.49263352155685425,True
186,calm,calm,0.9959838390350342,False,4,4,0.4797168970108032,True
187,mixed,mixed,0.9546648859977722,False,5,4,0.5105686187744141,False
188,overwhelmed,overwhelmed,0.9201740026473999,False,3,1,0.3276921212673187,True
189,neutral,neutral,0.9872878789901733,False,5,1,0.6505115032196045,False
190,focused,focused,0.9453967213630676,False,1,1,0.7206344604492188,False
191,focused,restless,0.6130043268203735,False,5,1,0.7145141363143921,False
192,calm,calm,0.9774636626243591,False,1,4,0.5590848922729492,False
193,overwhelmed,overwhelmed,0.9925912618637085,False,5,2,0.4999922513961792,True
194,overwhelmed,overwhelmed,0.9527423977851868,False,3,2,0.9070302844047546,False
195,focused,focused,0.9333998560905457,False,4,4,0.8102015256881714,False
196,mixed,mixed,0.9659464955329895,False,2,4,0.3875506818294525,True
197,overwhelmed,overwhelmed,0.9980959296226501,False,5,3,0.8076058626174927,False
198,mixed,mixed,0.9508581757545471,False,1,3,0.4826206564903259,True
199,calm,calm,0.9901680946350098,False,4,1,0.2971445322036743,True
200,calm,calm,0.9938241243362427,False,3,4,0.4568837285041809,True
201,calm,calm,0.9773737192153931,False,3,5,0.43818387389183044,True
202,neutral,neutral,0.9541429281234741,False,5,1,0.5923462510108948,False
203,overwhelmed,overwhelmed,0.9985621571540833,False,2,5,0.5201488137245178,False
204,calm,calm,0.9377629160881042,False,5,2,0.6626817584037781,False
205,restless,restless,0.9968773126602173,False,3,2,0.8385171890258789,False
206,restless,restless,0.941196084022522,False,1,2,0.6234302520751953,False
207,overwhelmed,overwhelmed,0.9673251509666443,False,4,1,0.7609849572181702,False
208,restless,restless,0.6037042140960693,False,4,4,0.6856059432029724,False
209,focused,focused,0.9844567179679871,False,3,4,0.4010746479034424,True
210,overwhelmed,overwhelmed,0.9703145623207092,False,2,4,0.7163637280464172,False
211,focused,focused,0.9977660179138184,False,3,2,0.31277552247047424,True
212,mixed,mixed,0.996629536151886,False,1,3,0.765537679195404,False
213,mixed,calm,0.8533008098602295,False,4,5,0.538106381893158,False
214,neutral,neutral,0.9987649917602539,False,2,2,0.4214020073413849,True
215,mixed,mixed,0.9362788200378418,False,1,3,0.33153602480888367,True
216,calm,calm,0.9250022768974304,False,5,5,0.5909255146980286,False
217,restless,restless,0.8265304565429688,False,4,5,0.7129397988319397,False
218,restless,restless,0.998435914516449,False,4,4,0.3673633933067322,True
219,mixed,mixed,0.9943898320198059,False,3,1,0.9379459619522095,False
220,calm,calm,0.7495180368423462,False,4,5,0.3754664957523346,True
221,restless,restless,0.8692647218704224,False,5,2,0.3343079388141632,True
222,mixed,mixed,0.9899477362632751,False,2,3,0.46292465925216675,True
223,calm,calm,0.7344585061073303,False,4,5,0.6074013113975525,False
224,calm,calm,0.9002237319946289,False,4,5,0.41683295369148254,True
225,focused,focused,0.9987611770629883,False,3,4,0.5020840167999268,False
226,restless,restless,0.9904194474220276,False,5,4,0.6601796746253967,False
227,calm,restless,0.6074036955833435,False,5,3,0.27667853236198425,True
228,mixed,mixed,0.9986164569854736,False,5,1,0.3495309352874756,True
229,restless,restless,0.9828094840049744,False,3,2,0.5579506754875183,False
230,neutral,neutral,0.954214334487915,False,3,1,0.3553554117679596,True
231,overwhelmed,overwhelmed,0.9957037568092346,False,3,5,0.5805758237838745,False
232,overwhelmed,overwhelmed,0.9998964071273804,False,2,3,0.8761370182037354,False
233,focused,focused,0.8158866763114929,False,5,1,0.565049946308136,False
234,restless,restless,0.9957061409950256,False,4,5,0.40387406945228577,True
235,restless,restless,0.9949448704719543,False,1,2,0.7417683005332947,False
236,overwhelmed,overwhelmed,0.9994595646858215,False,4,2,0.6422983407974243,False
237,focused,focused,0.9842396974563599,False,3,1,0.8993089199066162,False
238,restless,restless,0.9026973843574524,False,2,5,0.5301682353019714,False
239,neutral,neutral,0.524376630783081,False,5,2,0.7022733092308044,False
240,overwhelmed,overwhelmed,0.9985324144363403,False,3,2,0.40227022767066956,True
241,neutral,mixed,0.5210156440734863,False,3,1,0.3122653663158417,True
242,calm,calm,0.8969396352767944,False,2,3,0.4285601079463959,True
243,focused,focused,0.9963520765304565,False,4,3,0.7409927248954773,False
244,calm,calm,0.9515559673309326,False,5,1,0.8706337809562683,False
245,focused,focused,0.9995108842849731,False,5,1,0.8123943209648132,False
246,calm,calm,0.9816185832023621,False,3,2,0.4014286994934082,True
247,mixed,mixed,0.9741619825363159,False,2,1,0.6195462346076965,False
248,overwhelmed,overwhelmed,0.9703538417816162,False,1,3,0.4362809360027313,True
249,mixed,mixed,0.7178943753242493,False,2,5,0.3294307589530945,True
250,overwhelmed,overwhelmed,0.9741871953010559,False,1,2,0.4506906569004059,True
251,neutral,neutral,0.9988651275634766,False,4,2,0.921579897403717,False
252,calm,calm,0.9980050921440125,False,1,5,0.5679053068161011,False
253,overwhelmed,overwhelmed,0.999768078327179,False,3,2,0.6787415146827698,False
254,overwhelmed,overwhelmed,0.7681209444999695,False,1,3,0.34708207845687866,True
255,restless,restless,0.9977121353149414,False,2,3,0.3428438901901245,True
256,calm,restless,0.5183444023132324,False,5,5,0.36955833435058594,True
257,restless,restless,0.9613630771636963,False,2,5,0.3855569064617157,True
258,mixed,mixed,0.5600789189338684,False,4,1,0.42164546251296997,True
259,focused,neutral,0.5353797674179077,False,4,1,0.6855268478393555,False
260,restless,restless,0.9989950060844421,False,1,3,0.8183516263961792,False
261,focused,focused,0.994834303855896,False,3,1,0.48853811621665955,True
262,restless,restless,0.9852830171585083,False,2,5,0.7563320398330688,False
263,calm,calm,0.9965345859527588,False,3,4,0.5367564558982849,False
264,overwhelmed,overwhelmed,0.9851603507995605,False,4,2,0.4886609613895416,True
265,focused,focused,0.8345686197280884,False,1,1,0.4716510772705078,True
266,neutral,neutral,0.9989584684371948,False,3,3,0.966013491153717,False
267,restless,restless,0.982705295085907,False,1,4,0.29674264788627625,True
268,mixed,mixed,0.9952194094657898,False,1,2,0.45606499910354614,True
269,calm,calm,0.7027537822723389,False,4,4,0.4100511074066162,True
270,mixed,mixed,0.9026782512664795,False,5,4,0.33013269305229187,True
271,neutral,neutral,0.6952027678489685,False,1,4,0.31802791357040405,True
272,calm,calm,0.9949033260345459,False,4,2,0.3478768467903137,True
273,neutral,neutral,0.9940153956413269,False,5,1,0.5469363331794739,False
274,focused,focused,0.4767398238182068,True,3,1,0.4094466269016266,True
275,focused,focused,0.9774075150489807,False,2,4,0.605816662311554,False
276,restless,restless,0.9988390803337097,False,1,2,0.6619613170623779,False
277,neutral,neutral,0.9989336133003235,False,3,2,0.4783100187778473,True
278,focused,focused,0.9973888993263245,False,1,3,0.7051720023155212,False
279,calm,calm,0.997519314289093,False,5,2,0.5486801862716675,False
280,neutral,neutral,0.9609694480895996,False,1,5,0.7356067895889282,False
281,mixed,mixed,0.5504193902015686,False,1,1,0.3014128506183624,True
282,restless,restless,0.9525485038757324,False,5,3,0.38160428404808044,True
283,focused,focused,0.9997124075889587,False,3,1,0.7560270428657532,False
284,mixed,mixed,0.9899376630783081,False,3,3,0.33802881836891174,True
285,calm,calm,0.4758714735507965,True,2,3,0.36360567808151245,True
286,neutral,neutral,0.995710015296936,False,4,3,0.9138858914375305,False
287,overwhelmed,overwhelmed,0.9999086856842041,False,4,5,0.5093206167221069,False
288,neutral,neutral,0.9865850210189819,False,3,5,0.4584726393222809,True
289,calm,calm,0.975987434387207,False,1,5,0.6895644664764404,False
290,neutral,neutral,0.9983500242233276,False,3,3,0.7488298416137695,False
291,mixed,mixed,0.9979735016822815,False,1,1,0.5105357766151428,False
292,overwhelmed,overwhelmed,0.9883949756622314,False,4,5,0.4414353668689728,True
293,restless,restless,0.971238374710083,False,4,5,0.5361724495887756,False
294,calm,restless,0.4677836000919342,True,4,1,0.7761580348014832,False
295,mixed,calm,0.632353663444519,False,1,3,0.7948150634765625,False
296,overwhelmed,overwhelmed,0.9834256768226624,False,1,2,0.30355241894721985,True
297,neutral,neutral,0.9964687824249268,False,5,1,0.39630818367004395,True
298,mixed,mixed,0.6858807802200317,False,3,2,0.6482301354408264,False
299,focused,focused,0.9505826830863953,False,5,4,0.647131085395813,False
300,calm,calm,0.9840478897094727,False,2,5,0.3961111903190613,True
301,calm,calm,0.8465321660041809,False,5,2,0.6543012261390686,False
302,focused,focused,0.9718400239944458,False,4,3,0.36920878291130066,True
303,neutral,neutral,0.9758495688438416,False,1,3,0.7286997437477112,False
304,calm,mixed,0.856071949005127,False,3,1,0.5681899189949036,False
305,focused,focused,0.927211344242096,False,1,4,0.6688088178634644,False
306,neutral,neutral,0.9358680248260498,False,4,3,0.23949411511421204,True
307,calm,calm,0.8741534352302551,False,5,4,0.5578011274337769,False
308,focused,focused,0.9374630451202393,False,4,3,0.5907865762710571,False
309,calm,calm,0.856433093547821,False,5,1,0.4345235824584961,True
310,neutral,neutral,0.8542952537536621,False,2,2,0.8831836581230164,False
311,neutral,neutral,0.9974133372306824,False,3,2,0.6173025369644165,False
312,mixed,mixed,0.9955846667289734,False,4,1,0.48723646998405457,True
313,neutral,neutral,0.5108456015586853,False,5,5,0.7196978330612183,False
314,neutral,neutral,0.5605860352516174,False,4,4,0.6490521430969238,False
315,overwhelmed,overwhelmed,0.8688045144081116,False,4,5,0.5992302298545837,False
316,calm,calm,0.9925004839897156,False,5,2,0.4545839726924896,True
317,neutral,neutral,0.9790419936180115,False,2,1,0.8163739442825317,False
318,mixed,mixed,0.7040767073631287,False,3,5,0.3099348843097687,True
319,neutral,neutral,0.9652478694915771,False,2,2,0.4350140690803528,True
320,neutral,neutral,0.9957018494606018,False,1,3,0.3979469835758209,True
321,neutral,neutral,0.987377941608429,False,3,3,0.5774242877960205,False
322,focused,focused,0.995930016040802,False,5,3,0.5411463379859924,False
323,calm,calm,0.997190535068512,False,3,3,0.7519948482513428,False
324,calm,calm,0.8712060451507568,False,2,2,0.396645188331604,True
325,focused,focused,0.6904626488685608,False,5,2,0.4542340338230133,True
326,neutral,neutral,0.9884071946144104,False,1,1,0.8990719318389893,False
327,overwhelmed,overwhelmed,0.8872053027153015,False,1,3,0.3926931321620941,True
328,overwhelmed,overwhelmed,0.8260911107063293,False,4,5,0.4508475363254547,True
329,overwhelmed,overwhelmed,0.9984241724014282,False,5,3,0.5282217860221863,False
330,overwhelmed,overwhelmed,0.9602631330490112,False,2,1,0.5922707915306091,False
331,focused,mixed,0.7808319926261902,False,4,2,0.38045403361320496,True
332,neutral,neutral,0.997489333152771,False,5,1,0.4634675979614258,True
333,neutral,neutral,0.9953796863555908,False,5,2,0.5681902766227722,False
334,neutral,neutral,0.995474636554718,False,1,5,0.4678831696510315,True
335,focused,focused,0.9726225733757019,False,2,5,0.30686065554618835,True
336,calm,calm,0.9760105013847351,False,2,3,0.5706702470779419,False
337,restless,restless,0.9529368877410889,False,2,5,0.5990670919418335,False
338,restless,restless,0.9973672032356262,False,1,1,0.33695825934410095,True
339,overwhelmed,overwhelmed,0.996816098690033,False,5,3,0.6099589467048645,False
340,neutral,neutral,0.8196362257003784,False,3,1,0.33086490631103516,True
341,restless,restless,0.9993517994880676,False,3,5,0.5811365842819214,False
342,restless,restless,0.9947043061256409,False,5,4,0.633145809173584,False
343,focused,focused,0.9945359230041504,False,3,2,0.3515726923942566,True
344,restless,restless,0.9996398687362671,False,5,4,0.7322013974189758,False
345,restless,restless,0.8277633786201477,False,1,5,0.47608089447021484,True
346,calm,calm,0.7973456382751465,False,4,5,0.3723820745944977,True
347,calm,calm,0.9910650849342346,False,2,2,0.3862549662590027,True
348,calm,calm,0.918304443359375,False,4,1,0.5494528412818909,False
349,restless,restless,0.937032163143158,False,4,5,0.532916247844696,False
350,mixed,mixed,0.9658389687538147,False,4,3,0.5799341797828674,False
351,mixed,mixed,0.9796978235244751,False,1,3,0.5299542546272278,False
352,calm,calm,0.991418719291687,False,4,4,0.6900049448013306,False
353,restless,restless,0.7430077195167542,False,3,5,0.8006276488304138,False
354,overwhelmed,overwhelmed,0.8979631066322327,False,3,5,0.6395219564437866,False
355,overwhelmed,overwhelmed,0.500204861164093,False,2,1,0.5370834469795227,False
356,mixed,mixed,0.998236894607544,False,2,1,0.5266551971435547,False
357,overwhelmed,overwhelmed,0.7164552807807922,False,5,2,0.3843495845794678,True
358,calm,calm,0.9987468719482422,False,4,4,0.7762131690979004,False
359,focused,focused,0.9788374900817871,False,1,5,0.47026675939559937,True
360,overwhelmed,overwhelmed,0.9859620928764343,False,5,1,0.3109821081161499,True
361,neutral,neutral,0.9949396848678589,False,1,2,0.9485762715339661,False
362,calm,calm,0.80294269323349,False,4,5,0.6258594393730164,False
363,calm,calm,0.8922610878944397,False,1,4,0.3420937955379486,True
364,overwhelmed,overwhelmed,0.9141035676002502,False,1,3,0.3803762197494507,True
365,overwhelmed,overwhelmed,0.9953832030296326,False,4,5,0.3031182885169983,True
366,neutral,neutral,0.9927263259887695,False,2,2,0.7500249743461609,False
367,neutral,neutral,0.8924130797386169,False,2,1,0.646521270275116,False
368,calm,mixed,0.9132220149040222,False,5,2,0.6238608360290527,False
369,focused,focused,0.9986826777458191,False,1,1,0.531150221824646,False
370,mixed,mixed,0.9927686452865601,False,2,2,0.477053165435791,True
371,mixed,mixed,0.9988355040550232,False,1,1,0.5673723220825195,False
372,focused,focused,0.7690716981887817,False,4,5,0.4218766987323761,True
373,neutral,neutral,0.9681995511054993,False,1,4,0.3606185019016266,True
374,mixed,mixed,0.9666484594345093,False,3,2,0.5855149030685425,False
375,neutral,neutral,0.9989380240440369,False,2,1,0.6492977142333984,False
376,mixed,mixed,0.9956265687942505,False,1,3,0.6582342386245728,False
377,focused,focused,0.9758275747299194,False,5,4,0.6607757806777954,False
378,calm,calm,0.9685777425765991,False,4,5,0.35002854466438293,True
379,focused,focused,0.9953294992446899,False,1,2,0.4100140929222107,True
380,calm,calm,0.9990614056587219,False,2,4,0.3599129021167755,True
381,calm,calm,0.46344318985939026,True,2,5,0.6800330877304077,False
382,calm,restless,0.5867056846618652,False,3,2,0.7251321077346802,False
383,focused,focused,0.9909884333610535,False,1,4,0.4339344799518585,True
384,restless,restless,0.9785418510437012,False,3,5,0.43367162346839905,True
385,neutral,neutral,0.9720099568367004,False,2,2,0.5815260410308838,False
386,neutral,neutral,0.9996707439422607,False,3,5,0.563126802444458,False
387,restless,restless,0.47662875056266785,True,3,1,0.5241221189498901,False
388,neutral,neutral,0.9901415705680847,False,4,5,0.67722088098526,False
389,overwhelmed,overwhelmed,0.9968504309654236,False,2,5,0.5817639231681824,False
390,overwhelmed,overwhelmed,0.9659841060638428,False,5,4,0.5378180742263794,False
391,calm,calm,0.9255409240722656,False,2,4,0.787777841091156,False
392,focused,focused,0.9949393272399902,False,1,1,0.4670564830303192,True
393,focused,focused,0.999245285987854,False,5,4,0.38291722536087036,True
394,calm,calm,0.9273603558540344,False,1,4,0.3032289743423462,True
395,restless,restless,0.9964941143989563,False,4,5,0.7607892155647278,False
396,restless,restless,0.9970530271530151,False,2,2,0.714454710483551,False
397,restless,restless,0.9964537620544434,False,5,2,0.30458876490592957,True
398,overwhelmed,overwhelmed,0.9991607666015625,False,3,3,0.4499320089817047,True
399,calm,calm,0.9323867559432983,False,3,2,0.44190287590026855,True
400,focused,focused,0.79616779088974,False,4,3,0.525293231010437,False
401,overwhelmed,overwhelmed,0.9718574285507202,False,4,2,0.7841187715530396,False
402,neutral,neutral,0.9265841245651245,False,4,2,0.45458728075027466,True
403,focused,focused,0.9976500868797302,False,3,3,0.6753721237182617,False
404,focused,focused,0.9993973970413208,False,2,4,0.3361486494541168,True
405,focused,restless,0.40170037746429443,True,1,2,0.6513572335243225,False
406,overwhelmed,overwhelmed,0.9449421763420105,False,1,3,0.6512846350669861,False
407,neutral,neutral,0.9995400905609131,False,2,5,0.5442612767219543,False
408,overwhelmed,overwhelmed,0.9968639612197876,False,4,5,0.4722561836242676,True
409,mixed,mixed,0.5875492691993713,False,2,1,0.4454820156097412,True
410,mixed,mixed,0.9991098046302795,False,4,1,0.8335733413696289,False
411,calm,restless,0.49990716576576233,True,3,1,0.3884766101837158,True
412,mixed,mixed,0.9977460503578186,False,5,1,0.5335814952850342,False
413,restless,restless,0.8805715441703796,False,3,1,0.6620032787322998,False
414,neutral,neutral,0.9993554949760437,False,1,2,0.7073796987533569,False
415,focused,focused,0.8503940105438232,False,4,5,0.5886470079421997,False
416,restless,restless,0.8659389615058899,False,5,4,0.3120564818382263,True
417,overwhelmed,overwhelmed,0.6862661838531494,False,4,3,0.3206237554550171,True
418,restless,restless,0.9894534349441528,False,4,4,0.6804232001304626,False
419,restless,restless,0.9946946501731873,False,4,2,0.4246731102466583,True
420,focused,focused,0.9896466135978699,False,2,3,0.48868685960769653,True
421,restless,restless,0.6691582798957825,False,2,5,0.5669931173324585,False
422,mixed,mixed,0.943347692489624,False,1,3,0.9406722187995911,False
423,restless,restless,0.9899252653121948,False,4,5,0.42889267206192017,True
424,mixed,mixed,0.9975760579109192,False,3,5,0.3936059772968292,True
425,calm,focused,0.46407321095466614,True,5,2,0.3467358946800232,True
426,focused,focused,0.6319980621337891,False,4,1,0.517157256603241,False
427,focused,focused,0.7592860460281372,False,4,3,0.49275484681129456,True
428,focused,focused,0.99339759349823,False,3,4,0.8815416097640991,False
429,overwhelmed,overwhelmed,0.9898257851600647,False,2,3,0.6685032844543457,False
430,neutral,neutral,0.9998250603675842,False,5,2,0.8397428393363953,False
431,mixed,mixed,0.9757792353630066,False,3,5,0.3593963384628296,True
432,neutral,neutral,0.9987947940826416,False,2,5,0.3107123076915741,True
433,focused,focused,0.9606862664222717,False,4,2,0.38981154561042786,True
434,neutral,neutral,0.9972383975982666,False,4,3,0.615006148815155,False
435,neutral,neutral,0.9956861734390259,False,2,5,0.684848964214325,False
436,restless,restless,0.8748694658279419,False,2,5,0.4718363583087921,True
437,restless,restless,0.8342474699020386,False,5,4,0.755736768245697,False
438,overwhelmed,overwhelmed,0.7563832998275757,False,5,3,0.32837918400764465,True
439,neutral,neutral,0.9968696236610413,False,2,2,0.5197123289108276,False
440,restless,restless,0.9007883667945862,False,5,1,0.4377029240131378,True
441,neutral,neutral,0.9705381989479065,False,5,1,0.7592474222183228,False
442,mixed,mixed,0.9419361352920532,False,1,1,0.722084105014801,False
443,mixed,mixed,0.9975876808166504,False,2,3,0.4375053644180298,True
444,focused,focused,0.8987905383110046,False,5,4,0.4644410014152527,True
445,restless,restless,0.99857497215271,False,1,2,0.5804209113121033,False
446,restless,restless,0.5969097018241882,False,1,1,0.5692107081413269,False
447,restless,restless,0.6985335350036621,False,2,3,0.4606335163116455,True
448,calm,calm,0.8028181791305542,False,2,5,0.7172806859016418,False
449,focused,focused,0.9856306910514832,False,1,1,0.6738163232803345,False
450,restless,restless,0.9987558126449585,False,3,4,0.4882679283618927,True
451,neutral,neutral,0.99815434217453,False,4,1,0.4262416958808899,True
452,overwhelmed,overwhelmed,0.9941394329071045,False,4,5,0.4103569984436035,True
453,mixed,mixed,0.9920005798339844,False,2,1,0.6008681058883667,False
454,neutral,neutral,0.9980348944664001,False,5,4,0.566006064414978,False
455,calm,calm,0.9068233966827393,False,5,2,0.6432075500488281,False
456,mixed,mixed,0.9827971458435059,False,4,4,0.664116382598877,False
457,mixed,mixed,0.9945148229598999,False,3,5,0.3763141632080078,True
458,restless,restless,0.9934285283088684,False,4,1,0.7403926253318787,False
459,focused,focused,0.9380283355712891,False,3,3,0.44599759578704834,True
460,calm,calm,0.8610450029373169,False,1,5,0.646666407585144,False
461,restless,restless,0.9807466864585876,False,2,5,0.7079112529754639,False
462,neutral,neutral,0.9931445121765137,False,2,3,0.9176368117332458,False
463,neutral,neutral,0.9755709767341614,False,2,5,0.6476735472679138,False
464,neutral,neutral,0.9992457628250122,False,1,2,0.5929257869720459,False
465,calm,calm,0.9917410612106323,False,4,4,0.33029037714004517,True
466,neutral,neutral,0.9984170198440552,False,2,2,0.8639621734619141,False
467,restless,restless,0.9883726239204407,False,3,5,0.5099764466285706,False
468,overwhelmed,overwhelmed,0.9983522891998291,False,3,3,0.3759187161922455,True
469,overwhelmed,overwhelmed,0.7904751300811768,False,1,5,0.4847469627857208,True
470,restless,restless,0.5213690996170044,False,2,1,0.6409674286842346,False
471,restless,restless,0.8915110230445862,False,3,3,0.8776241540908813,False
472,focused,focused,0.950896680355072,False,1,1,0.4420490264892578,True
473,calm,calm,0.9887209534645081,False,1,2,0.5383850932121277,False
474,overwhelmed,overwhelmed,0.9522166848182678,False,3,2,0.3841606080532074,True
475,overwhelmed,overwhelmed,0.997219443321228,False,4,3,0.4039863646030426,True
476,mixed,mixed,0.9732880592346191,False,5,3,0.4563266336917877,True
477,overwhelmed,overwhelmed,0.9872549772262573,False,3,4,0.7186859846115112,False
478,overwhelmed,overwhelmed,0.9324885010719299,False,2,4,0.6326662302017212,False
479,mixed,mixed,0.7449395656585693,False,5,1,0.335626482963562,True
480,calm,calm,0.9959905743598938,False,5,3,0.6059762239456177,False
481,restless,restless,0.31451502442359924,True,1,5,0.44738641381263733,True
482,focused,focused,0.865019679069519,False,2,1,0.373153418302536,True
483,restless,restless,0.2334686815738678,True,1,1,0.6345965266227722,False
484,neutral,neutral,0.562516987323761,False,3,2,0.3815719485282898,True
485,neutral,focused,0.6540859341621399,False,1,1,0.8248022794723511,False
486,overwhelmed,mixed,0.4669491648674011,True,2,3,0.7950283288955688,False
487,overwhelmed,mixed,0.41855865716934204,True,3,2,0.4893382489681244,True
488,restless,restless,0.4277527928352356,True,4,1,0.7862644195556641,False
489,calm,focused,0.49878019094467163,True,1,4,0.4001219570636749,True
490,focused,restless,0.5243383646011353,False,4,3,0.4070706069469452,True
491,mixed,mixed,0.7082420587539673,False,5,3,0.7247539162635803,False
492,neutral,calm,0.9901028871536255,False,5,2,0.42389756441116333,True
493,restless,restless,0.3147020936012268,True,1,1,0.5411697030067444,False
494,overwhelmed,overwhelmed,0.4981967508792877,True,2,2,0.46799948811531067,True
495,neutral,mixed,0.9190711975097656,False,2,3,0.6953667402267456,False
496,calm,restless,0.5569687485694885,False,5,4,0.4097985029220581,True
497,focused,overwhelmed,0.2737225890159607,True,1,5,0.5041922330856323,False
498,focused,focused,0.5409989356994629,False,5,4,0.412517786026001,True
499,overwhelmed,calm,0.6763635873794556,False,3,5,0.6714272499084473,False
500,calm,mixed,0.7656487822532654,False,3,1,0.503856897354126,False
501,overwhelmed,mixed,0.4196266531944275,True,3,2,0.3351244628429413,True
502,restless,calm,0.3490048944950104,True,2,4,0.4288198947906494,True
503,overwhelmed,restless,0.6539685726165771,False,2,3,0.35950466990470886,True
504,calm,mixed,0.3818751573562622,True,1,1,0.48515406250953674,True
505,calm,calm,0.4052124619483948,True,2,5,0.5439265966415405,False
506,mixed,restless,0.8156967163085938,False,3,4,0.8818346261978149,False
507,calm,restless,0.8003455400466919,False,4,1,0.6303067207336426,False
508,restless,overwhelmed,0.5502827763557434,False,5,3,0.6658360958099365,False
509,focused,neutral,0.3056912124156952,True,2,2,0.5762773156166077,False
510,calm,focused,0.460001677274704,True,5,3,0.34836432337760925,True
511,calm,overwhelmed,0.6467205882072449,False,2,5,0.26529577374458313,True
512,calm,neutral,0.6801506280899048,False,5,2,0.6525223255157471,False
513,restless,restless,0.6704315543174744,False,1,4,0.4731743037700653,True
514,neutral,calm,0.5999349355697632,False,4,5,0.4657456874847412,True
515,mixed,overwhelmed,0.8746174573898315,False,1,2,0.4330926537513733,True
516,overwhelmed,calm,0.6772878766059875,False,1,5,0.378883421421051,True
517,mixed,calm,0.4218845069408417,True,3,1,0.650385320186615,False
518,restless,mixed,0.5584884881973267,False,4,3,0.4159282445907593,True
519,restless,calm,0.9598809480667114,False,5,5,0.47315454483032227,True
520,focused,restless,0.46419304609298706,True,1,1,0.45323094725608826,True
521,focused,focused,0.671241819858551,False,1,2,0.6063225865364075,False
522,mixed,focused,0.599904477596283,False,5,1,0.5112011432647705,False
523,neutral,neutral,0.4142666459083557,True,3,1,0.36587101221084595,True
524,calm,mixed,0.38265901803970337,True,5,1,0.4233688712120056,True
525,calm,restless,0.6487631797790527,False,1,5,0.620535135269165,False
526,neutral,neutral,0.5785151720046997,False,5,3,0.8471963405609131,False
527,mixed,restless,0.6017683148384094,False,3,5,0.4521028697490692,True
528,overwhelmed,restless,0.46673980355262756,True,4,1,0.3647947311401367,True
529,calm,restless,0.7151049971580505,False,1,2,0.3090492784976959,True
530,calm,overwhelmed,0.5428929924964905,False,3,5,0.4660145044326782,True
531,restless,calm,0.350035697221756,True,5,1,0.7937944531440735,False
532,calm,calm,0.4491412341594696,True,3,1,0.3846714496612549,True
533,neutral,mixed,0.7052258849143982,False,4,3,0.39572206139564514,True
534,calm,restless,0.5443150401115417,False,3,4,0.8137778043746948,False
535,mixed,neutral,0.35519886016845703,True,3,2,0.767868161201477,False
536,focused,overwhelmed,0.35908201336860657,True,4,1,0.256742000579834,True
537,restless,overwhelmed,0.8387797474861145,False,1,1,0.7298616766929626,False
538,overwhelmed,calm,0.6124318838119507,False,2,2,0.33351096510887146,True
539,neutral,calm,0.85952228307724,False,5,5,0.5952988862991333,False
540,focused,mixed,0.5912429094314575,False,1,1,0.6738175749778748,False
541,overwhelmed,restless,0.44410082697868347,True,5,5,0.4855312705039978,True
542,overwhelmed,mixed,0.4903513789176941,True,4,3,0.6124680638313293,False
543,mixed,neutral,0.35929936170578003,True,3,5,0.6079965233802795,False
544,focused,calm,0.41252273321151733,True,3,1,0.31503912806510925,True
545,mixed,neutral,0.8029037117958069,False,3,3,0.3452339172363281,True
546,overwhelmed,calm,0.9534273147583008,False,2,3,0.8061757683753967,False
547,focused,neutral,0.5398722290992737,False,3,2,0.48317810893058777,True
548,neutral,neutral,0.3551173210144043,True,1,1,0.6048862338066101,False
549,mixed,focused,0.5439203381538391,False,5,2,0.290292888879776,True
550,neutral,overwhelmed,0.2566210925579071,True,1,1,0.5400524139404297,False
551,overwhelmed,neutral,0.662754476070404,False,5,1,0.8059248328208923,False
552,mixed,neutral,0.6250492334365845,False,2,4,0.30345460772514343,True
553,overwhelmed,neutral,0.8662009835243225,False,2,4,0.3631700873374939,True
554,calm,calm,0.424031525850296,True,3,3,0.6355701684951782,False
555,focused,neutral,0.8195856809616089,False,4,3,0.3003442883491516,True
556,restless,restless,0.5404760837554932,False,1,2,0.8762874603271484,False
557,restless,restless,0.7661129236221313,False,4,2,0.8214012384414673,False
558,mixed,neutral,0.47553378343582153,True,3,4,0.28229647874832153,True
559,calm,calm,0.4262469708919525,True,5,2,0.5004128217697144,False
560,mixed,restless,0.25061261653900146,True,2,3,0.31172046065330505,True
561,neutral,mixed,0.35593628883361816,True,1,1,0.6487060785293579,False
562,focused,mixed,0.8897950053215027,False,2,4,0.39637666940689087,True
563,neutral,restless,0.554162859916687,False,4,2,0.7897509932518005,False
564,overwhelmed,focused,0.38669073581695557,True,1,2,0.444572389125824,True
565,overwhelmed,neutral,0.9096419215202332,False,3,1,0.31615886092185974,True
566,neutral,restless,0.49301913380622864,True,4,3,0.5933653712272644,False
567,overwhelmed,focused,0.6295769214630127,False,2,2,0.4085903465747833,True
568,focused,mixed,0.3193822503089905,True,3,1,0.45089203119277954,True
569,restless,restless,0.6243057250976562,False,5,1,0.3700855076313019,True
570,calm,restless,0.34847909212112427,True,5,1,0.4156428873538971,True
571,mixed,mixed,0.7898455262184143,False,4,4,0.3920840620994568,True
572,overwhelmed,restless,0.7921162843704224,False,1,5,0.5355708599090576,False
573,focused,focused,0.5747451782226562,False,2,2,0.26308009028434753,True
574,restless,calm,0.7234601974487305,False,5,5,0.4300774037837982,True
575,restless,restless,0.34447023272514343,True,4,5,0.6691924333572388,False
576,neutral,calm,0.3502383530139923,True,5,2,0.8835629820823669,False
577,mixed,mixed,0.9095471501350403,False,3,3,0.6297265291213989,False
578,restless,calm,0.39118459820747375,True,4,5,0.4951710104942322,True
579,neutral,overwhelmed,0.8893002867698669,False,4,2,0.4127499461174011,True
580,calm,mixed,0.44569677114486694,True,1,3,0.5423882603645325,False
581,calm,neutral,0.4416142702102661,True,2,1,0.35621950030326843,True
582,calm,mixed,0.4257100820541382,True,3,3,0.3721681833267212,True
583,neutral,neutral,0.45026957988739014,True,2,4,0.6848335266113281,False
584,restless,focused,0.946286141872406,False,3,1,0.4313681125640869,True
585,neutral,restless,0.4500105082988739,True,2,1,0.43946370482444763,True
586,focused,calm,0.6116731762886047,False,4,5,0.4153186082839966,True
587,calm,restless,0.6675693988800049,False,5,5,0.6050976514816284,False
588,focused,neutral,0.4175911247730255,True,2,3,0.38803744316101074,True
589,mixed,calm,0.45370471477508545,True,5,5,0.5722998380661011,False
590,mixed,overwhelmed,0.3772793412208557,True,1,1,0.7126534581184387,False
591,restless,restless,0.25109946727752686,True,4,2,0.4502665102481842,True
592,calm,restless,0.8270383477210999,False,3,2,0.3452480435371399,True
593,overwhelmed,focused,0.8233146667480469,False,2,1,0.5630975961685181,False
594,neutral,mixed,0.8550550937652588,False,4,3,0.7809781432151794,False
595,neutral,focused,0.48244673013687134,True,2,3,0.3864896595478058,True
596,mixed,restless,0.42517760396003723,True,1,5,0.3591575622558594,True
597,mixed,focused,0.88105708360672,False,3,5,0.47545820474624634,True
598,calm,calm,0.641157329082489,False,4,3,0.3418484926223755,True
599,overwhelmed,restless,0.9872239828109741,False,2,2,0.5683714747428894,False
600,restless,focused,0.6573284268379211,False,1,4,0.4281047582626343,True
601,overwhelmed,restless,0.4373568296432495,True,3,2,0.7656789422035217,False
602,restless,overwhelmed,0.4378308057785034,True,1,5,0.41148051619529724,True
603,restless,restless,0.6462519764900208,False,5,1,0.4384763240814209,True
604,restless,overwhelmed,0.9946436882019043,False,2,2,0.46830567717552185,True
605,calm,restless,0.5454362630844116,False,1,2,0.7592445015907288,False
606,mixed,focused,0.6689181327819824,False,2,5,0.37862342596054077,True
607,restless,overwhelmed,0.48842400312423706,True,1,1,0.43525251746177673,True
608,focused,focused,0.40044260025024414,True,3,1,0.3532695472240448,True
609,focused,overwhelmed,0.42565450072288513,True,5,4,0.4079238772392273,True
610,focused,mixed,0.8090440630912781,False,4,3,0.3992018699645996,True
611,overwhelmed,calm,0.841557502746582,False,1,1,0.4288684129714966,True
612,calm,overwhelmed,0.5775612592697144,False,3,2,0.684719979763031,False
613,overwhelmed,overwhelmed,0.443584144115448,True,3,2,0.5171729922294617,False
614,mixed,focused,0.5240417122840881,False,5,1,0.40565669536590576,True
615,restless,calm,0.7424603700637817,False,5,5,0.37148159742355347,True
616,calm,focused,0.7902079820632935,False,1,2,0.45044633746147156,True
617,focused,mixed,0.7248319387435913,False,2,1,0.3842727541923523,True
618,restless,neutral,0.33327609300613403,True,4,2,0.37900662422180176,True
619,calm,overwhelmed,0.8501767516136169,False,5,2,0.491626501083374,True
620,focused,restless,0.5516265630722046,False,1,2,0.7688927054405212,False
621,calm,focused,0.37266644835472107,True,5,1,0.37889885902404785,True
622,focused,mixed,0.3203504681587219,True,5,2,0.33671361207962036,True
623,overwhelmed,mixed,0.4648757576942444,True,4,5,0.5597130060195923,False
624,mixed,neutral,0.8312052488327026,False,4,5,0.3469510078430176,True
625,restless,focused,0.9360918998718262,False,2,4,0.5230898261070251,False
626,restless,mixed,0.5562838315963745,False,2,3,0.7875121235847473,False
627,neutral,neutral,0.6958925724029541,False,1,5,0.3355097472667694,True
628,restless,restless,0.8709749579429626,False,4,1,0.9580106139183044,False
629,neutral,restless,0.894188642501831,False,2,2,0.9422746896743774,False
630,neutral,overwhelmed,0.31873735785484314,True,4,3,0.531933605670929,False
631,focused,overwhelmed,0.35376042127609253,True,1,4,0.4424726963043213,True
632,mixed,calm,0.3392658233642578,True,3,5,0.4464991092681885,True
633,restless,calm,0.7871962189674377,False,1,2,0.35016074776649475,True
634,restless,focused,0.5426602959632874,False,3,2,0.66358882188797,False
635,mixed,focused,0.74629807472229,False,4,3,0.46390947699546814,True
636,overwhelmed,neutral,0.4145427644252777,True,5,2,0.342966765165329,True
637,overwhelmed,focused,0.6748031377792358,False,3,1,0.9773069620132446,False
638,neutral,calm,0.37693139910697937,True,4,4,0.3611200749874115,True
639,restless,calm,0.8375406861305237,False,2,1,0.7435446977615356,False
640,neutral,overwhelmed,0.7817517518997192,False,4,1,0.3814402222633362,True
641,focused,calm,0.34417724609375,True,4,5,0.5674980282783508,False
642,neutral,overwhelmed,0.44380971789360046,True,2,5,0.4336146414279938,True
643,overwhelmed,restless,0.8976215124130249,False,1,4,0.4232553541660309,True
644,neutral,overwhelmed,0.7585421800613403,False,1,2,0.56978839635849,False
645,calm,mixed,0.5878043174743652,False,2,1,0.9487431645393372,False
646,overwhelmed,focused,0.8934818506240845,False,1,2,0.7409977912902832,False
647,restless,focused,0.47688719630241394,True,4,4,0.5106313228607178,False
648,restless,focused,0.36664626002311707,True,5,3,0.28092750906944275,True
649,calm,overwhelmed,0.6152907013893127,False,4,3,0.244105264544487,True
650,restless,restless,0.77845299243927,False,5,1,0.5006221532821655,False
651,restless,calm,0.7725566029548645,False,4,3,0.6668058037757874,False
652,restless,calm,0.5021961331367493,False,2,5,0.7735438346862793,False
653,neutral,mixed,0.8953853249549866,False,1,1,0.3720271587371826,True
654,focused,restless,0.49890151619911194,True,1,2,0.6020020842552185,False
655,restless,restless,0.767124593257904,False,5,4,0.28186672925949097,True
656,mixed,calm,0.7095543742179871,False,5,3,0.4988907277584076,True
657,restless,overwhelmed,0.8935074210166931,False,5,2,0.6562274098396301,False
658,focused,overwhelmed,0.7417221069335938,False,4,2,0.7688213586807251,False
659,overwhelmed,restless,0.3766794800758362,True,3,3,0.3246910870075226,True
660,mixed,mixed,0.7261618971824646,False,1,3,0.46701836585998535,True
661,restless,calm,0.310384064912796,True,4,3,0.3116442561149597,True
662,focused,restless,0.4432399272918701,True,4,2,0.5529871582984924,False
663,restless,mixed,0.7481990456581116,False,5,5,0.4467947483062744,True
664,overwhelmed,mixed,0.3333722949028015,True,1,4,0.3739500641822815,True
665,restless,neutral,0.35035037994384766,True,4,4,0.4486351013183594,True
666,mixed,restless,0.5296002626419067,False,4,4,0.9187270998954773,False
667,focused,neutral,0.8732617497444153,False,4,1,0.44063428044319153,True
668,neutral,neutral,0.48635515570640564,True,2,1,0.466516375541687,True
669,neutral,focused,0.38674256205558777,True,3,2,0.889747679233551,False
670,focused,mixed,0.34078362584114075,True,3,5,0.43697449564933777,True
671,overwhelmed,calm,0.7104928493499756,False,2,5,0.6796519160270691,False
672,restless,neutral,0.6290091276168823,False,3,2,0.47144079208374023,True
673,restless,mixed,0.6341695785522461,False,1,1,0.5435357689857483,False
674,mixed,mixed,0.7555917501449585,False,4,1,0.4234207272529602,True
675,neutral,focused,0.33644166588783264,True,1,3,0.47317445278167725,True
676,mixed,restless,0.7276970148086548,False,2,4,0.5985543131828308,False
677,neutral,calm,0.3275330662727356,True,5,1,0.6926302313804626,False
678,calm,restless,0.3938176929950714,True,5,5,0.4917612075805664,True
679,restless,neutral,0.5487146377563477,False,1,2,0.41091758012771606,True
680,neutral,calm,0.7666558027267456,False,2,1,0.3568631410598755,True
681,overwhelmed,restless,0.36288487911224365,True,2,1,0.5216600298881531,False
682,mixed,neutral,0.6711034178733826,False,3,3,0.8342317342758179,False
683,focused,focused,0.5721992254257202,False,2,1,0.5656105279922485,False
684,mixed,overwhelmed,0.47188255190849304,True,3,5,0.6530604958534241,False
685,calm,calm,0.3824523687362671,True,1,3,0.5391628742218018,False
686,calm,calm,0.3348432183265686,True,4,3,0.37349066138267517,True
687,calm,focused,0.43576470017433167,True,2,2,0.6373589038848877,False
688,restless,calm,0.3419380187988281,True,5,5,0.3317379951477051,True
689,calm,overwhelmed,0.3572002649307251,True,1,1,0.6283698678016663,False
690,calm,restless,0.6541276574134827,False,5,5,0.8450112342834473,False
691,focused,mixed,0.4736301600933075,True,4,3,0.31159892678260803,True
692,calm,mixed,0.26352670788764954,True,4,3,0.3901292085647583,True
693,neutral,neutral,0.39435723423957825,True,3,1,0.5303773880004883,False
694,calm,overwhelmed,0.3054367005825043,True,2,2,0.5584563612937927,False
695,neutral,overwhelmed,0.40470483899116516,True,4,2,0.6294685006141663,False
696,restless,restless,0.5376173853874207,False,5,1,0.5458981394767761,False
697,calm,calm,0.6309047341346741,False,2,1,0.5405711531639099,False
698,restless,neutral,0.9199947714805603,False,1,1,0.7504486441612244,False
699,focused,focused,0.7931812405586243,False,3,4,0.9061198830604553,False
700,overwhelmed,calm,0.47061610221862793,True,5,5,0.23722757399082184,True
701,focused,calm,0.6409353613853455,False,3,5,0.6081748008728027,False
702,mixed,overwhelmed,0.7877355813980103,False,4,1,0.6319488883018494,False
703,calm,mixed,0.6706374287605286,False,4,3,0.8819904923439026,False
704,focused,focused,0.7509223222732544,False,3,5,0.41280195116996765,True
705,calm,mixed,0.5521571040153503,False,1,1,0.6439744234085083,False
706,calm,mixed,0.4973413050174713,True,2,5,0.6148815155029297,False
707,mixed,neutral,0.49792250990867615,True,1,4,0.42839041352272034,True
708,overwhelmed,overwhelmed,0.3781660497188568,True,4,5,0.406478613615036,True
709,restless,focused,0.766978919506073,False,1,4,0.5116252303123474,False
710,restless,restless,0.39478135108947754,True,4,3,0.5997917056083679,False
711,calm,calm,0.8930311799049377,False,5,4,0.342619925737381,True
712,restless,restless,0.995844304561615,False,1,4,0.3631635010242462,True
713,mixed,neutral,0.4688357412815094,True,1,3,0.6866471171379089,False
714,overwhelmed,neutral,0.6078993678092957,False,5,3,0.40746134519577026,True
715,restless,restless,0.4455169439315796,True,2,1,0.27462494373321533,True
716,restless,neutral,0.40504157543182373,True,2,1,0.7231296896934509,False
717,mixed,neutral,0.6292020082473755,False,1,4,0.43612605333328247,True
718,focused,calm,0.5322020649909973,False,4,5,0.8912939429283142,False
719,neutral,focused,0.8075825572013855,False,1,2,0.4389772117137909,True
720,mixed,mixed,0.8644472360610962,False,2,3,0.48349758982658386,True
721,focused,restless,0.7827093005180359,False,4,1,0.49973729252815247,True
722,calm,neutral,0.6713552474975586,False,5,3,0.4941363036632538,True
723,overwhelmed,calm,0.9281729459762573,False,3,1,0.5913636684417725,False
724,restless,overwhelmed,0.5218672752380371,False,5,5,0.36982834339141846,True
725,neutral,restless,0.42499321699142456,True,1,3,0.4562336802482605,True
726,restless,mixed,0.5017842650413513,False,5,3,0.6873543858528137,False
727,restless,calm,0.3562823235988617,True,2,3,0.44122910499572754,True
728,neutral,restless,0.4504266083240509,True,2,2,0.39108291268348694,True
729,neutral,restless,0.45455336570739746,True,4,1,0.3304606080055237,True
730,restless,restless,0.7665815353393555,False,3,2,0.676197350025177,False
731,overwhelmed,calm,0.918989896774292,False,3,3,0.752072811126709,False
732,restless,calm,0.44268888235092163,True,1,1,0.426047682762146,True
733,neutral,mixed,0.6680389642715454,False,5,1,0.898262619972229,False
734,mixed,calm,0.5148694515228271,False,3,5,0.42370516061782837,True
735,focused,focused,0.42479342222213745,True,1,5,0.37774428725242615,True
736,focused,calm,0.5810042023658752,False,5,3,0.6612364053726196,False
737,calm,neutral,0.683769166469574,False,1,5,0.5849785208702087,False
738,calm,mixed,0.7886905670166016,False,3,2,0.2800743877887726,True
739,mixed,calm,0.7282326817512512,False,1,2,0.5728625059127808,False
740,overwhelmed,focused,0.42720210552215576,True,2,1,0.7103428840637207,False
741,restless,restless,0.8652437329292297,False,4,2,0.6202068328857422,False
742,focused,focused,0.3917984366416931,True,5,3,0.7346945405006409,False
743,overwhelmed,focused,0.8181278109550476,False,2,1,0.752307653427124,False
744,focused,neutral,0.4588795304298401,True,5,5,0.35627108812332153,True
745,restless,restless,0.7207111716270447,False,2,4,0.6089400053024292,False
746,overwhelmed,overwhelmed,0.4893776774406433,True,2,2,0.6630154848098755,False
747,restless,restless,0.6359003782272339,False,4,1,0.7249385118484497,False
748,mixed,mixed,0.5536757707595825,False,2,1,0.5305060148239136,False
749,calm,neutral,0.6673546433448792,False,2,2,0.5110434889793396,False
750,restless,overwhelmed,0.7411945462226868,False,1,3,0.8736124038696289,False
751,restless,calm,0.5814331769943237,False,4,1,0.5739756226539612,False
752,restless,restless,0.4063466787338257,True,2,1,0.8594617247581482,False
753,neutral,mixed,0.8075227737426758,False,4,3,0.6356123685836792,False
754,neutral,restless,0.5685647130012512,False,3,4,0.3104951083660126,True
755,neutral,focused,0.30331718921661377,True,5,3,0.3977702856063843,True
756,overwhelmed,restless,0.4203086793422699,True,3,4,0.31614169478416443,True
757,focused,neutral,0.8916925191879272,False,2,2,0.5118926763534546,False
758,neutral,focused,0.2939522862434387,True,5,2,0.5170807838439941,False
759,calm,mixed,0.6193923354148865,False,3,5,0.4181689918041229,True
760,focused,restless,0.4122343957424164,True,2,3,0.37650537490844727,True
761,neutral,calm,0.4253374934196472,True,4,2,0.2871185541152954,True
762,overwhelmed,overwhelmed,0.44526275992393494,True,3,2,0.35240525007247925,True
763,overwhelmed,mixed,0.37393903732299805,True,3,5,0.2721865177154541,True
764,overwhelmed,restless,0.3469848334789276,True,4,5,0.4562719762325287,True
765,restless,calm,0.8849887847900391,False,1,3,0.3946932256221771,True
766,mixed,overwhelmed,0.5168204307556152,False,5,3,0.728885293006897,False
767,restless,overwhelmed,0.5836521983146667,False,3,2,0.611922025680542,False
768,neutral,restless,0.751014769077301,False,5,5,0.44566646218299866,True
769,calm,calm,0.41527578234672546,True,5,1,0.26924267411231995,True
770,mixed,overwhelmed,0.447892963886261,True,1,2,0.5566898584365845,False
771,mixed,neutral,0.9824295043945312,False,2,2,0.48819205164909363,True
772,mixed,overwhelmed,0.7504969239234924,False,5,2,0.3848838210105896,True
773,restless,neutral,0.5038202404975891,False,2,2,0.6337007880210876,False
774,calm,mixed,0.7007889747619629,False,4,3,0.503145158290863,False
775,overwhelmed,restless,0.4303382337093353,True,5,4,0.5415646433830261,False
776,overwhelmed,mixed,0.33419284224510193,True,1,1,0.34915730357170105,True
777,restless,focused,0.42823731899261475,True,2,1,0.4625714421272278,True
778,mixed,focused,0.33157822489738464,True,1,1,0.4392679035663605,True
779,focused,calm,0.9619357585906982,False,1,5,0.5152982473373413,False
780,restless,focused,0.5097131133079529,False,4,1,0.5390743017196655,False
781,calm,restless,0.3754371404647827,True,1,1,0.7310572862625122,False
782,neutral,focused,0.6102705597877502,False,2,2,0.49272391200065613,True
783,neutral,restless,0.5869404673576355,False,5,4,0.41461604833602905,True
784,restless,overwhelmed,0.8681446313858032,False,4,2,0.8843296766281128,False
785,mixed,restless,0.6118302941322327,False,3,4,0.40851345658302307,True
786,focused,mixed,0.5757948160171509,False,4,3,0.37834879755973816,True
787,calm,restless,0.813011884689331,False,1,5,0.34243398904800415,True
788,calm,calm,0.5954747200012207,False,2,3,0.552623987197876,False
789,focused,mixed,0.5177982449531555,False,1,1,0.5036766529083252,False
790,mixed,restless,0.538335382938385,False,4,5,0.5138275027275085,False
791,restless,calm,0.8261515498161316,False,5,2,0.803318202495575,False
792,neutral,restless,0.44629377126693726,True,5,5,0.28237009048461914,True
793,focused,calm,0.36971238255500793,True,1,2,0.3271488547325134,True
794,focused,focused,0.7734595537185669,False,2,4,0.58698970079422,False
795,focused,mixed,0.5263580679893494,False,5,3,0.3282364308834076,True
796,focused,overwhelmed,0.7569807171821594,False,2,3,0.3822873830795288,True
797,focused,focused,0.39946916699409485,True,2,2,0.39742061495780945,True
798,focused,calm,0.3577241003513336,True,1,3,0.296125203371048,True
799,neutral,restless,0.45247316360473633,True,4,1,0.34530210494995117,True
800,restless,neutral,0.8098216652870178,False,2,5,0.4218257665634155,True
801,focused,restless,0.4270428717136383,True,3,1,0.987079918384552,False
802,focused,focused,0.5218750238418579,False,3,3,0.3891172409057617,True
803,calm,focused,0.659105658531189,False,2,2,0.3589042127132416,True
804,neutral,overwhelmed,0.4188998341560364,True,1,4,0.463911235332489,True
805,calm,overwhelmed,0.3437820374965668,True,2,3,0.4484294354915619,True
806,overwhelmed,focused,0.38728761672973633,True,3,3,0.5680093169212341,False
807,calm,restless,0.7890295386314392,False,2,5,0.3123781681060791,True
808,mixed,overwhelmed,0.24341993033885956,True,4,1,0.344216525554657,True
809,calm,mixed,0.5445682406425476,False,4,5,0.43934181332588196,True
810,restless,focused,0.4040534496307373,True,3,1,0.72392338514328,False
811,neutral,restless,0.43317604064941406,True,2,5,0.5150555372238159,False
812,mixed,calm,0.8813673853874207,False,3,3,0.324598491191864,True
813,calm,mixed,0.4637559652328491,True,2,4,0.3558761179447174,True
814,mixed,focused,0.8245285749435425,False,4,1,0.6086366176605225,False
815,focused,calm,0.4132689833641052,True,1,2,0.740423858165741,False
816,calm,restless,0.6517614722251892,False,3,1,0.4906644821166992,True
817,neutral,mixed,0.43716487288475037,True,5,5,0.31423088908195496,True
818,mixed,overwhelmed,0.8516570329666138,False,3,1,0.4549693763256073,True
819,focused,mixed,0.4950063228607178,True,2,1,0.5287367105484009,False
820,neutral,calm,0.6058604717254639,False,5,4,0.6979000568389893,False
821,calm,calm,0.5510871410369873,False,2,1,0.9499421715736389,False
822,calm,calm,0.8200799822807312,False,4,5,0.3320792317390442,True
823,calm,overwhelmed,0.33186954259872437,True,3,3,0.6050989031791687,False
824,mixed,neutral,0.5733053684234619,False,4,5,0.316408634185791,True
825,neutral,mixed,0.8642338514328003,False,4,2,0.36897435784339905,True
826,calm,focused,0.5000559687614441,False,3,5,0.41035065054893494,True
827,overwhelmed,restless,0.8866642117500305,False,1,3,0.4612060785293579,True
828,overwhelmed,calm,0.9620285630226135,False,1,5,0.6203378438949585,False
829,mixed,overwhelmed,0.43029239773750305,True,5,3,0.4693148732185364,True
830,focused,mixed,0.4953985810279846,True,3,3,0.7296544313430786,False
831,calm,calm,0.3607358932495117,True,3,5,0.7149398922920227,False
832,calm,restless,0.34546542167663574,True,1,1,0.4907015562057495,True
833,focused,focused,0.8154872059822083,False,4,3,0.4227856695652008,True
834,restless,neutral,0.7091183066368103,False,3,1,0.46668392419815063,True
835,mixed,restless,0.5806522965431213,False,5,4,0.4545648396015167,True
836,neutral,focused,0.7042204141616821,False,2,1,0.8313646912574768,False
837,neutral,focused,0.5817480683326721,False,4,3,0.45294252038002014,True
838,overwhelmed,focused,0.46991291642189026,True,3,5,0.28812411427497864,True
839,focused,restless,0.5143157243728638,False,1,3,0.482928991317749,True
840,overwhelmed,mixed,0.41293349862098694,True,5,2,0.32180145382881165,True
721,neutral,neutral,0.93895423412323,False,2,4,0.47902077436447144,True
722,focused,calm,0.7043081521987915,False,4,3,0.6765378713607788,False
723,restless,restless,0.9995304346084595,False,3,5,0.5122330784797668,False
724,mixed,focused,0.6096303462982178,False,1,3,0.2682805061340332,True
725,neutral,mixed,0.5673474073410034,False,4,4,0.6384239792823792,False
726,calm,calm,0.33748021721839905,True,5,1,0.4931994080543518,True
727,overwhelmed,focused,0.3915853798389435,True,3,3,0.8954784274101257,False
728,focused,focused,0.3288341164588928,True,3,2,0.46797776222229004,True
729,focused,focused,0.6673709154129028,False,1,5,0.6557810306549072,False
730,overwhelmed,overwhelmed,0.6535176634788513,False,3,1,0.6994658708572388,False
731,calm,restless,0.5139570236206055,False,5,1,0.522262454032898,False
732,overwhelmed,overwhelmed,0.985385537147522,False,5,4,0.6524916291236877,False
733,focused,focused,0.6984847784042358,False,3,3,0.3750872015953064,True
734,restless,restless,0.5980805158615112,False,2,2,0.3839595913887024,True
735,restless,overwhelmed,0.5103853940963745,False,4,5,0.5013850331306458,False
736,calm,calm,0.8104451894760132,False,4,3,0.36082664132118225,True
737,focused,focused,0.9892497062683105,False,3,3,0.4733467698097229,True
738,neutral,mixed,0.4738208055496216,True,1,3,0.59088534116745,False
739,restless,restless,0.9523429274559021,False,4,5,0.6614785194396973,False
740,focused,focused,0.7378208041191101,False,1,1,0.2922342121601105,True
741,mixed,mixed,0.9562546610832214,False,3,5,0.4410984218120575,True
742,mixed,mixed,0.7704957127571106,False,3,2,0.5119489431381226,False
743,overwhelmed,overwhelmed,0.9649201035499573,False,5,3,0.43697866797447205,True
744,neutral,neutral,0.9709848165512085,False,2,5,0.35271066427230835,True
745,calm,calm,0.7334945201873779,False,2,5,0.7666906714439392,False
746,overwhelmed,calm,0.314755916595459,True,2,2,0.36086583137512207,True
747,calm,overwhelmed,0.6537274122238159,False,5,1,0.44149303436279297,True
748,calm,mixed,0.5566208362579346,False,3,3,0.36295032501220703,True
749,mixed,restless,0.9805662631988525,False,3,2,0.7282434701919556,False
750,neutral,focused,0.423155277967453,True,5,3,0.3531922996044159,True
751,mixed,focused,0.6971458792686462,False,4,2,0.370473176240921,True
752,mixed,mixed,0.5312232971191406,False,5,3,0.3295876383781433,True
753,mixed,mixed,0.9919953346252441,False,1,5,0.3961312174797058,True
754,focused,overwhelmed,0.5341444611549377,False,1,2,0.4057934582233429,True
755,neutral,restless,0.7662989497184753,False,1,4,0.3795429468154907,True
756,mixed,mixed,0.8701340556144714,False,1,5,0.6758701205253601,False
757,restless,restless,0.86808180809021,False,5,4,0.9429538249969482,False
758,mixed,mixed,0.6142017245292664,False,5,2,0.41697707772254944,True
759,overwhelmed,overwhelmed,0.9519415497779846,False,1,5,0.4281036853790283,True
760,focused,neutral,0.8568734526634216,False,1,5,0.32104766368865967,True
761,focused,focused,0.9945302605628967,False,2,1,0.5521877408027649,False
762,focused,focused,0.47792214155197144,True,4,5,0.5284228324890137,False
763,neutral,neutral,0.8192728161811829,False,4,1,0.6731427311897278,False
764,focused,overwhelmed,0.5199546217918396,False,2,2,0.39235037565231323,True
765,focused,calm,0.7784883975982666,False,3,4,0.28062164783477783,True
766,mixed,mixed,0.9868642687797546,False,5,1,0.41279366612434387,True
767,neutral,mixed,0.8868935108184814,False,5,1,0.8302053809165955,False
768,restless,overwhelmed,0.33826982975006104,True,1,3,0.5361449122428894,False
769,overwhelmed,overwhelmed,0.6309239268302917,False,3,4,0.6908252835273743,False
770,neutral,neutral,0.8571586608886719,False,3,4,0.6269024610519409,False
771,neutral,neutral,0.8044764399528503,False,2,5,0.600521445274353,False
772,restless,neutral,0.46510618925094604,True,4,3,0.6355293989181519,False
773,calm,calm,0.7545648813247681,False,3,3,0.9347794651985168,False
774,overwhelmed,overwhelmed,0.9890955090522766,False,2,5,0.6794559359550476,False
775,restless,restless,0.9861688613891602,False,4,1,0.29915034770965576,True
776,restless,restless,0.3684745728969574,True,1,4,0.447468638420105,True
777,restless,restless,0.8328562378883362,False,1,1,0.7107229828834534,False
778,overwhelmed,mixed,0.3297399580478668,True,1,1,0.6564998030662537,False
779,calm,mixed,0.4152209758758545,True,4,3,0.5457995533943176,False
780,overwhelmed,overwhelmed,0.9773074388504028,False,1,3,0.6203990578651428,False
781,overwhelmed,overwhelmed,0.9010390043258667,False,2,5,0.45150426030158997,True
782,restless,neutral,0.9624001383781433,False,2,5,0.3808968961238861,True
783,neutral,calm,0.6869335174560547,False,1,1,0.3874495327472687,True
784,focused,neutral,0.9460500478744507,False,1,5,0.7098597288131714,False
785,neutral,neutral,0.5785009860992432,False,5,4,0.6347261667251587,False
786,mixed,calm,0.5061623454093933,False,4,5,0.8867439031600952,False
787,overwhelmed,overwhelmed,0.9991992115974426,False,1,2,0.7691309452056885,False
788,restless,restless,0.9148768186569214,False,1,1,0.8368165493011475,False
789,restless,restless,0.999248206615448,False,4,3,0.31275278329849243,True
790,restless,restless,0.9884010553359985,False,1,4,0.4232024848461151,True
791,neutral,mixed,0.5382431149482727,False,5,1,0.5116223692893982,False
792,calm,calm,0.8987428545951843,False,3,3,0.8505123853683472,False
793,restless,mixed,0.6601150035858154,False,4,4,0.728563666343689,False
794,mixed,mixed,0.9592787623405457,False,4,1,0.39421573281288147,True
795,focused,focused,0.8709705471992493,False,5,4,0.48712414503097534,True
796,mixed,mixed,0.7911146283149719,False,3,3,0.44337669014930725,True
797,calm,mixed,0.6175657510757446,False,4,3,0.530536413192749,False
798,mixed,calm,0.39708206057548523,True,3,4,0.8305152654647827,False
799,mixed,mixed,0.4279174208641052,True,4,5,0.3915092945098877,True
800,overwhelmed,neutral,0.7804096937179565,False,3,1,0.34589675068855286,True
801,focused,focused,0.992881178855896,False,3,5,0.3978251516819,True
802,restless,restless,0.9495146870613098,False,3,4,0.6636300086975098,False
803,calm,calm,0.852349579334259,False,1,3,0.8050097227096558,False
804,calm,calm,0.6990865468978882,False,3,3,0.5485939979553223,False
805,overwhelmed,overwhelmed,0.9303856492042542,False,4,3,0.41304656863212585,True
806,overwhelmed,mixed,0.4997272789478302,True,2,3,0.38582536578178406,True
807,calm,focused,0.42402273416519165,True,3,4,0.7838683128356934,False
808,restless,focused,0.3481092154979706,True,3,3,0.32214173674583435,True
809,mixed,neutral,0.934809148311615,False,1,3,0.4659311771392822,True
810,focused,calm,0.5650438070297241,False,3,2,0.5925205945968628,False
811,focused,mixed,0.5520433187484741,False,4,4,0.4250374138355255,True
812,mixed,focused,0.6547764539718628,False,2,3,0.4398462176322937,True
813,mixed,neutral,0.6754150986671448,False,2,1,0.7371907234191895,False
814,calm,restless,0.8999300599098206,False,3,4,0.9467536211013794,False
815,focused,restless,0.5497499704360962,False,5,5,0.4977858066558838,True
816,calm,neutral,0.5390491485595703,False,1,4,0.4163057208061218,True
817,neutral,calm,0.3781757056713104,True,3,4,0.8600229620933533,False
818,restless,neutral,0.5108161568641663,False,4,1,0.4204225242137909,True
819,neutral,neutral,0.3789006173610687,True,5,5,0.6456046104431152,False
820,calm,neutral,0.9476571679115295,False,3,5,0.3226366341114044,True
821,focused,focused,0.9696096777915955,False,2,2,0.38502857089042664,True
822,focused,focused,0.6511868834495544,False,4,4,0.4377624988555908,True
823,overwhelmed,overwhelmed,0.9993010759353638,False,1,5,0.369720995426178,True
824,overwhelmed,overwhelmed,0.9867652654647827,False,4,4,0.8584555387496948,False
825,focused,focused,0.3535621762275696,True,5,4,0.3311796486377716,True
826,focused,focused,0.5727013945579529,False,4,1,0.43198567628860474,True
827,calm,focused,0.6336988806724548,False,2,4,0.9647363424301147,False
828,overwhelmed,overwhelmed,0.9777456521987915,False,1,5,0.41343241930007935,True
829,mixed,mixed,0.9751439094543457,False,1,1,0.4459150731563568,True
830,neutral,neutral,0.7354010343551636,False,4,1,0.36393123865127563,True
831,focused,focused,0.8747551441192627,False,3,3,0.8223677277565002,False
832,focused,calm,0.5713045001029968,False,5,4,0.5367804169654846,False
833,overwhelmed,calm,0.4241684079170227,True,4,4,0.5137689709663391,False
834,neutral,overwhelmed,0.4578453302383423,True,5,3,0.41070982813835144,True
835,restless,calm,0.33545947074890137,True,5,4,0.430805504322052,True
836,restless,overwhelmed,0.49578818678855896,True,4,3,0.41200193762779236,True
837,mixed,restless,0.8496752977371216,False,3,1,0.5745012760162354,False
838,overwhelmed,overwhelmed,0.954540491104126,False,3,2,0.8417988419532776,False
839,overwhelmed,focused,0.9017234444618225,False,4,1,0.5452414155006409,False
840,calm,calm,0.4172513782978058,True,3,3,0.668258011341095,False
841,focused,focused,0.9635187387466431,False,1,3,0.3760082721710205,True
842,overwhelmed,overwhelmed,0.887795090675354,False,3,1,0.7501991391181946,False
843,neutral,neutral,0.9886510372161865,False,5,2,0.5227805376052856,False
844,mixed,mixed,0.9879004955291748,False,5,1,0.5048540830612183,False
845,restless,restless,0.8243193030357361,False,4,4,0.4897015392780304,True
846,calm,calm,0.9381300806999207,False,3,5,0.5157005786895752,False
847,mixed,restless,0.8006430864334106,False,1,4,0.5237646102905273,False
848,restless,focused,0.7993038892745972,False,4,4,0.3434794843196869,True
849,neutral,neutral,0.7246875762939453,False,3,2,0.4995974004268646,True
850,overwhelmed,focused,0.6595911383628845,False,4,4,0.3410468101501465,True
851,calm,calm,0.4293273389339447,True,2,5,0.7173735499382019,False
852,calm,focused,0.5871491432189941,False,4,3,0.32997018098831177,True
853,mixed,focused,0.9674453139305115,False,2,2,0.508795440196991,False
854,neutral,mixed,0.6589836478233337,False,5,2,0.3935728967189789,True
855,calm,calm,0.9141679406166077,False,2,3,0.7374144792556763,False
856,neutral,neutral,0.8206450343132019,False,4,1,0.3948926329612732,True
857,focused,mixed,0.6846429109573364,False,5,2,0.834917426109314,False
858,mixed,mixed,0.5157380700111389,False,1,5,0.6492480635643005,False
859,mixed,mixed,0.9992005228996277,False,1,3,0.7300775051116943,False
860,restless,restless,0.9983550906181335,False,5,4,0.8218642473220825,False
861,focused,overwhelmed,0.4824521541595459,True,2,4,0.3357034921646118,True
862,mixed,calm,0.3696499764919281,True,5,4,0.7076054215431213,False
863,overwhelmed,overwhelmed,0.4590657651424408,True,3,2,0.40246593952178955,True
864,calm,neutral,0.8198429942131042,False,3,4,0.9144580364227295,False
865,neutral,neutral,0.8859953880310059,False,4,5,0.6215101480484009,False
866,calm,calm,0.9450300335884094,False,3,2,0.4397977888584137,True
867,restless,restless,0.5917165279388428,False,5,3,0.5657463073730469,False
868,overwhelmed,calm,0.6757773160934448,False,3,5,0.4755794107913971,True
869,calm,restless,0.4710264503955841,True,2,5,0.3503166437149048,True
870,focused,mixed,0.5911026000976562,False,4,5,0.629876971244812,False
871,neutral,neutral,0.9557207822799683,False,1,3,0.5275875926017761,False
872,focused,focused,0.619710385799408,False,2,3,0.4539515972137451,True
873,restless,overwhelmed,0.2834141254425049,True,1,5,0.4086669683456421,True
874,neutral,neutral,0.9810957312583923,False,4,3,0.5305090546607971,False
875,mixed,calm,0.6963217258453369,False,5,4,0.4065749943256378,True
876,focused,focused,0.8993614912033081,False,2,4,0.6752475500106812,False
877,restless,restless,0.8271293640136719,False,1,2,0.41623586416244507,True
878,overwhelmed,overwhelmed,0.9791528582572937,False,3,1,0.5327432155609131,False
879,neutral,neutral,0.9543977975845337,False,4,4,0.7690326571464539,False
880,overwhelmed,overwhelmed,0.8232587575912476,False,3,3,0.5102739334106445,False
881,calm,calm,0.5282689929008484,False,4,3,0.7950289249420166,False
882,overwhelmed,overwhelmed,0.9778866767883301,False,3,3,0.7330459952354431,False
883,overwhelmed,focused,0.4917822480201721,True,2,4,0.27087557315826416,True
884,mixed,calm,0.34915849566459656,True,1,2,0.3922053873538971,True
885,calm,restless,0.786456823348999,False,2,5,0.5392724871635437,False
886,neutral,neutral,0.7973840236663818,False,3,1,0.5100752115249634,False
887,calm,focused,0.42014411091804504,True,2,2,0.5782263278961182,False
888,neutral,restless,0.6069020628929138,False,4,1,0.6559337973594666,False
889,overwhelmed,overwhelmed,0.5925499200820923,False,4,4,0.5140937566757202,False
890,restless,calm,0.37044936418533325,True,4,1,0.42148149013519287,True
891,calm,calm,0.6371389031410217,False,2,1,0.6803457140922546,False
892,overwhelmed,overwhelmed,0.9712651371955872,False,4,2,0.34775853157043457,True
893,neutral,mixed,0.84467613697052,False,1,4,0.6872988939285278,False
894,restless,restless,0.9672661423683167,False,5,2,0.7841923832893372,False
895,calm,calm,0.7582236528396606,False,5,5,0.8091579675674438,False
896,restless,restless,0.9246076345443726,False,5,4,0.5064002275466919,False
897,calm,overwhelmed,0.914009153842926,False,4,1,0.5917713046073914,False
898,mixed,mixed,0.8573777675628662,False,5,1,0.66208416223526,False
899,calm,calm,0.9924911856651306,False,4,2,0.6770911812782288,False
900,restless,restless,0.7794873118400574,False,4,3,0.5070874691009521,False
901,neutral,focused,0.9773253202438354,False,2,1,0.41722121834754944,True
902,restless,restless,0.9464806914329529,False,2,5,0.366399884223938,True
903,restless,restless,0.7333263158798218,False,5,5,0.6373538374900818,False
904,overwhelmed,overwhelmed,0.9901617765426636,False,1,2,0.4044979512691498,True
905,overwhelmed,overwhelmed,0.9668000340461731,False,5,1,0.6643146872520447,False
906,focused,focused,0.998139500617981,False,5,2,0.41727355122566223,True
907,restless,focused,0.390625923871994,True,4,2,0.36418968439102173,True
908,overwhelmed,overwhelmed,0.4724896550178528,True,2,4,0.606717050075531,False
909,focused,focused,0.9538829922676086,False,4,4,0.5024890303611755,False
910,overwhelmed,focused,0.8325192332267761,False,1,2,0.3592556416988373,True
911,focused,focused,0.9431748986244202,False,3,2,0.30561891198158264,True
912,overwhelmed,restless,0.946675717830658,False,5,1,0.653330385684967,False
913,focused,focused,0.9957395792007446,False,4,5,0.47407108545303345,True
914,mixed,overwhelmed,0.6188771724700928,False,1,5,0.3935590982437134,True
915,restless,restless,0.9990350008010864,False,5,5,0.8865323662757874,False
916,mixed,neutral,0.4097515344619751,True,4,2,0.7912675738334656,False
917,mixed,mixed,0.7456467747688293,False,2,3,0.8634840250015259,False
918,calm,calm,0.9935435056686401,False,3,4,0.5733400583267212,False
919,restless,restless,0.9875773191452026,False,4,4,0.49655890464782715,True
920,restless,mixed,0.7746559977531433,False,4,2,0.43082812428474426,True
921,overwhelmed,overwhelmed,0.9893316030502319,False,4,3,0.5506857633590698,False
922,focused,mixed,0.24955470860004425,True,4,4,0.8488827347755432,False
923,neutral,neutral,0.8743359446525574,False,3,3,0.4523486793041229,True
924,overwhelmed,overwhelmed,0.973678708076477,False,3,3,0.7713941931724548,False
925,restless,restless,0.5050276517868042,False,2,5,0.4687865376472473,True
926,restless,overwhelmed,0.6031233668327332,False,3,4,0.3734718859195709,True
927,calm,restless,0.5040134787559509,False,2,4,0.34207582473754883,True
928,overwhelmed,overwhelmed,0.7416417002677917,False,4,4,0.4187028110027313,True
929,neutral,neutral,0.7318739295005798,False,3,2,0.32371023297309875,True
930,overwhelmed,overwhelmed,0.9510422348976135,False,2,3,0.7153468728065491,False
931,focused,focused,0.9024423956871033,False,4,1,0.5846992135047913,False
932,restless,restless,0.6381508708000183,False,5,1,0.48196375370025635,True
933,focused,focused,0.5862592458724976,False,4,5,0.30851447582244873,True
934,overwhelmed,overwhelmed,0.9830034971237183,False,2,1,0.6331998705863953,False
935,focused,focused,0.31067854166030884,True,4,5,0.40380170941352844,True
936,restless,restless,0.9391294121742249,False,4,2,0.36361175775527954,True
937,mixed,restless,0.6331985592842102,False,4,4,0.6632736325263977,False
938,focused,mixed,0.41137269139289856,True,5,4,0.3176698684692383,True
939,mixed,mixed,0.5975931286811829,False,1,3,0.33315545320510864,True
940,overwhelmed,overwhelmed,0.912517786026001,False,4,2,0.8825732469558716,False
941,neutral,neutral,0.8333118557929993,False,2,5,0.7497854828834534,False
942,overwhelmed,overwhelmed,0.9923086166381836,False,2,2,0.35020461678504944,True
943,overwhelmed,overwhelmed,0.9962371587753296,False,1,3,0.5080376863479614,False
944,restless,restless,0.8548091650009155,False,2,5,0.686235785484314,False
945,mixed,neutral,0.7102786898612976,False,2,1,0.5190630555152893,False
946,overwhelmed,calm,0.9539421796798706,False,4,5,0.4926585853099823,True
947,calm,calm,0.9867011904716492,False,5,2,0.8316004276275635,False
948,mixed,overwhelmed,0.2892356812953949,True,4,1,0.44438600540161133,True
949,mixed,neutral,0.5770626664161682,False,5,3,0.639968991279602,False
950,mixed,mixed,0.6396488547325134,False,3,1,0.6296164989471436,False
951,mixed,mixed,0.7494256496429443,False,3,4,0.9084243774414062,False
952,calm,calm,0.9987834095954895,False,2,4,0.3788653016090393,True
953,overwhelmed,overwhelmed,0.8971815705299377,False,1,2,0.4098474979400635,True
954,overwhelmed,overwhelmed,0.6043898463249207,False,3,1,0.5766806602478027,False
955,mixed,mixed,0.9970479607582092,False,2,1,0.5601974725723267,False
956,focused,neutral,0.8471859097480774,False,4,1,0.8671430945396423,False
957,restless,overwhelmed,0.7329127788543701,False,1,5,0.3467775285243988,True
958,overwhelmed,overwhelmed,0.9883594512939453,False,5,4,0.7218890190124512,False
959,overwhelmed,overwhelmed,0.9934968948364258,False,4,5,0.5964570045471191,False
960,mixed,mixed,0.9989851117134094,False,3,1,0.7596696615219116,False
961,overwhelmed,overwhelmed,0.9848605394363403,False,3,4,0.605806827545166,False
962,neutral,neutral,0.8628543019294739,False,2,2,0.6847755908966064,False
963,restless,restless,0.8502047657966614,False,3,5,0.6615000367164612,False
964,neutral,neutral,0.9923447966575623,False,4,1,0.42598775029182434,True
965,calm,restless,0.5468887686729431,False,2,5,0.3814009428024292,True
966,overwhelmed,mixed,0.6718927621841431,False,2,5,0.4323199391365051,True
967,calm,calm,0.70564204454422,False,4,5,0.7338288426399231,False
968,overwhelmed,overwhelmed,0.9386679530143738,False,3,1,0.8883703947067261,False
969,calm,restless,0.8341419100761414,False,5,3,0.5400455594062805,False
970,focused,neutral,0.9945026636123657,False,5,5,0.6150440573692322,False
971,restless,calm,0.3530951738357544,True,5,4,0.40155306458473206,True
972,restless,restless,0.32565852999687195,True,5,1,0.8308516144752502,False
973,restless,restless,0.985662043094635,False,3,2,0.3878033757209778,True
974,focused,focused,0.9573180675506592,False,2,5,0.4330544173717499,True
975,overwhelmed,neutral,0.5595359206199646,False,1,4,0.46492817997932434,True
976,mixed,overwhelmed,0.44438308477401733,True,1,2,0.6728482842445374,False
977,focused,focused,0.43551018834114075,True,2,2,0.5687334537506104,False
978,calm,mixed,0.48126474022865295,True,1,2,0.4050556719303131,True
979,mixed,neutral,0.7000472545623779,False,1,1,0.6922550201416016,False
980,mixed,calm,0.3286518454551697,True,3,5,0.4155610203742981,True
981,mixed,mixed,0.8522213101387024,False,3,5,0.48241016268730164,True
982,neutral,neutral,0.8167842030525208,False,4,5,0.5074812769889832,False
983,calm,calm,0.8554803133010864,False,5,1,0.41464224457740784,True
984,focused,focused,0.36745402216911316,True,5,1,0.4361025094985962,True
985,calm,overwhelmed,0.45227107405662537,True,1,5,0.7093015313148499,False
986,calm,focused,0.741507351398468,False,5,1,0.9453247785568237,False
987,focused,neutral,0.44585636258125305,True,5,2,0.4061734676361084,True
988,mixed,mixed,0.999891996383667,False,5,5,0.5601194500923157,False
989,neutral,neutral,0.5054384469985962,False,4,5,0.8727552890777588,False
990,restless,restless,0.9323717355728149,False,2,2,0.5441620945930481,False
991,overwhelmed,overwhelmed,0.7905309200286865,False,4,3,0.5005238056182861,False
992,overwhelmed,calm,0.2922084927558899,True,2,3,0.3574039340019226,True
993,calm,calm,0.8813698887825012,False,5,2,0.37918904423713684,True
994,overwhelmed,calm,0.31831273436546326,True,1,3,0.4772655963897705,True
995,focused,overwhelmed,0.8604806065559387,False,2,4,0.40561234951019287,True
996,mixed,neutral,0.5285006165504456,False,2,4,0.9900906085968018,False
997,mixed,calm,0.626811683177948,False,3,1,0.5985900163650513,False
998,overwhelmed,overwhelmed,0.9111930131912231,False,5,2,0.6313261985778809,False
999,neutral,neutral,0.9893003106117249,False,4,3,0.36422935128211975,True
1000,mixed,calm,0.3253130316734314,True,3,2,0.5414237380027771,False
1001,focused,neutral,0.5487321019172668,False,1,2,0.3160427510738373,True
1002,restless,restless,0.9853319525718689,False,2,2,0.35086920857429504,True
1003,restless,restless,0.9977486729621887,False,5,4,0.47332167625427246,True
1004,neutral,neutral,0.9736497402191162,False,4,1,0.34995290637016296,True
1005,calm,focused,0.6519042253494263,False,5,2,0.49844202399253845,True
1006,neutral,neutral,0.9807505011558533,False,5,2,0.4027669131755829,True
1007,mixed,mixed,0.9693114161491394,False,1,5,0.36859601736068726,True
1008,calm,calm,0.7693529725074768,False,4,3,0.6006211042404175,False
1009,mixed,mixed,0.9927198886871338,False,1,3,0.5067262649536133,False
1010,neutral,mixed,0.9386934638023376,False,1,3,0.46425968408584595,True
1011,neutral,neutral,0.8194708228111267,False,1,4,0.7354081273078918,False
1012,focused,focused,0.6852471232414246,False,1,5,0.7876569628715515,False
1013,focused,focused,0.9860700368881226,False,1,2,0.3733643889427185,True
1014,calm,calm,0.6328219771385193,False,2,1,0.5191308856010437,False
1015,overwhelmed,focused,0.9459294080734253,False,4,4,0.8253636360168457,False
1016,restless,neutral,0.5171250700950623,False,4,2,0.5874032974243164,False
1017,overwhelmed,focused,0.48344120383262634,True,1,2,0.5297999382019043,False
1018,calm,focused,0.5597986578941345,False,3,4,0.8225861191749573,False
1019,neutral,restless,0.3298659026622772,True,4,1,0.6062418222427368,False
1020,overwhelmed,overwhelmed,0.8630610108375549,False,4,5,0.6530248522758484,False
1021,calm,neutral,0.3470391631126404,True,4,4,0.5126076340675354,False
1022,restless,restless,0.9750534296035767,False,4,2,0.4331076741218567,True
1023,mixed,focused,0.47939521074295044,True,5,4,0.48472315073013306,True
1024,overwhelmed,overwhelmed,0.86529541015625,False,5,5,0.4101440906524658,True
1025,neutral,mixed,0.9715644717216492,False,3,5,0.9386906623840332,False
1026,focused,focused,0.7909854054450989,False,1,2,0.39374005794525146,True
1027,mixed,mixed,0.6958634257316589,False,5,2,0.28126809000968933,True
1028,restless,restless,0.9603689908981323,False,5,5,0.5165928602218628,False
1029,neutral,neutral,0.9920964241027832,False,5,5,0.8356631398200989,False
1030,mixed,focused,0.43101438879966736,True,5,2,0.9592717289924622,False
1031,restless,restless,0.39971452951431274,True,1,3,0.29903313517570496,True
1032,calm,restless,0.9043951034545898,False,4,5,0.8014742732048035,False
1033,calm,calm,0.9804193377494812,False,2,4,0.5898797512054443,False
1034,neutral,neutral,0.7822263836860657,False,3,1,0.4987974464893341,True
1035,calm,calm,0.6726930737495422,False,3,4,0.6310175657272339,False
1036,focused,mixed,0.8747384548187256,False,1,5,0.2695363163948059,True
1037,calm,mixed,0.9039890766143799,False,2,2,0.38181671500205994,True
1038,neutral,neutral,0.7062856554985046,False,4,1,0.4304339587688446,True
1039,mixed,mixed,0.7632202506065369,False,1,1,0.5523973107337952,False
1040,restless,neutral,0.711756706237793,False,1,2,0.5165053009986877,False
1041,mixed,calm,0.6053287982940674,False,4,5,0.4463578164577484,True
1042,mixed,neutral,0.838824450969696,False,1,1,0.4176846444606781,True
1043,mixed,mixed,0.637271523475647,False,2,1,0.39073964953422546,True
1044,restless,restless,0.5962215662002563,False,5,4,0.8341270685195923,False
1045,focused,focused,0.6696363091468811,False,5,4,0.775122344493866,False
1046,neutral,neutral,0.6127156019210815,False,5,5,0.3034866154193878,True
1047,neutral,neutral,0.9514075517654419,False,5,2,0.2616853415966034,True
1048,calm,mixed,0.40672767162323,True,1,3,0.5970759987831116,False
1049,overwhelmed,overwhelmed,0.9999774694442749,False,5,4,0.6832116842269897,False
1050,focused,mixed,0.3795526921749115,True,3,1,0.7648807168006897,False
1051,neutral,neutral,0.910260021686554,False,3,1,0.6777591705322266,False
1052,calm,calm,0.8811783194541931,False,1,2,0.5378939509391785,False
1053,restless,focused,0.4859786629676819,True,2,5,0.6896981596946716,False
1054,mixed,mixed,0.950135350227356,False,5,3,0.6968665719032288,False
1055,overwhelmed,calm,0.9324713945388794,False,5,1,0.4822297990322113,True
1056,restless,restless,0.9952017068862915,False,3,4,0.9620941877365112,False
1057,neutral,neutral,0.9597615003585815,False,5,1,0.5449399352073669,False
1058,mixed,restless,0.855107307434082,False,5,4,0.712124228477478,False
1059,neutral,neutral,0.8319240212440491,False,5,4,0.7327522039413452,False
1060,calm,calm,0.9324166178703308,False,1,5,0.7153529524803162,False
1061,focused,neutral,0.8649267554283142,False,1,2,0.5643057823181152,False
1062,neutral,neutral,0.7725827693939209,False,5,1,0.37775394320487976,True
1063,neutral,neutral,0.49859756231307983,True,4,2,0.38471534848213196,True
1064,neutral,neutral,0.9810175895690918,False,4,4,0.7435782551765442,False
1065,focused,overwhelmed,0.34895655512809753,True,4,5,0.546492874622345,False
1066,neutral,neutral,0.716413676738739,False,3,5,0.5529641509056091,False
1067,mixed,mixed,0.5294352769851685,False,4,5,0.3419143557548523,True
1068,mixed,overwhelmed,0.8444700241088867,False,3,1,0.34648892283439636,True
1069,focused,focused,0.5806872844696045,False,4,1,0.6715019345283508,False
1070,neutral,neutral,0.9892094731330872,False,1,3,0.5804735422134399,False
1071,mixed,mixed,0.5856578946113586,False,4,1,0.5336499810218811,False
1072,overwhelmed,calm,0.40861302614212036,True,4,4,0.3686860203742981,True
1073,calm,restless,0.6161970496177673,False,5,5,0.6870179176330566,False
1074,calm,neutral,0.34126466512680054,True,5,5,0.277496874332428,True
1075,restless,focused,0.5657986402511597,False,5,1,0.39857450127601624,True
1076,calm,calm,0.8900868892669678,False,5,3,0.4564571976661682,True
1077,calm,calm,0.8767052888870239,False,2,3,0.36153659224510193,True
1078,mixed,restless,0.6472576856613159,False,2,5,0.2460601031780243,True
1079,neutral,neutral,0.907508373260498,False,5,1,0.6650596857070923,False
1080,mixed,mixed,0.9643787145614624,False,5,5,0.3313136398792267,True
