id,actual_emotional_state,predicted_emotional_state,confidence_score,actual_intensity,predicted_intensity,confidence_score_intensity
1,focused,focused,0.94493026,3,3,0.67111033
2,restless,restless,0.9613254,3,4,0.6697619
3,calm,calm,0.99112415,3,2,0.43069074
4,neutral,mixed,0.8405728,1,3,0.5034232
5,overwhelmed,overwhelmed,0.93444043,5,4,0.825795
6,calm,calm,0.98519194,3,3,0.9193651
7,neutral,neutral,0.99965346,1,2,0.808935
8,restless,restless,0.9994703,4,4,0.80363935
9,restless,restless,0.88893926,4,4,0.7805627
10,focused,focused,0.9533692,3,3,0.48236445
11,restless,restless,0.29668677,4,4,0.34038454
12,focused,focused,0.6571563,4,4,0.6933357
13,mixed,mixed,0.97296673,2,3,0.6471773
14,restless,restless,0.7901306,4,4,0.3712834
15,calm,calm,0.99249214,2,3,0.59577775
16,focused,focused,0.944178,2,4,0.381176
17,mixed,mixed,0.9925438,3,3,0.731109
18,overwhelmed,overwhelmed,0.9335494,4,5,0.52807087
19,focused,focused,0.9592401,4,2,0.7648219
20,focused,focused,0.40876845,2,4,0.60691005
21,mixed,mixed,0.9742021,3,2,0.7810913
22,overwhelmed,overwhelmed,0.98798335,4,4,0.610694
23,overwhelmed,overwhelmed,0.9158519,5,4,0.72355896
24,mixed,mixed,0.84239644,4,4,0.75234467
25,overwhelmed,overwhelmed,0.9326563,4,5,0.43439567
26,neutral,neutral,0.98966366,2,2,0.89580137
27,focused,focused,0.8006581,4,2,0.5612989
28,calm,overwhelmed,0.76052856,3,4,0.59423673
29,focused,focused,0.9437795,4,4,0.42084932
30,calm,calm,0.9790531,2,4,0.6447874
31,overwhelmed,overwhelmed,0.34341106,5,4,0.52023125
32,calm,calm,0.98848176,4,2,0.9638839
33,focused,focused,0.9761346,2,4,0.66463095
34,neutral,neutral,0.9654614,2,4,0.59596103
35,focused,focused,0.9907374,3,3,0.78789127
36,neutral,neutral,0.93339515,2,2,0.76602036
37,mixed,mixed,0.8790815,4,3,0.46791014
38,overwhelmed,overwhelmed,0.79753304,5,4,0.85852855
39,calm,calm,0.9971795,2,4,0.8741763
40,neutral,neutral,0.99050736,1,1,0.6787931
41,neutral,neutral,0.75038975,2,3,0.5845402
42,mixed,mixed,0.76326513,4,3,0.92011756
43,focused,focused,0.9316413,2,3,0.9626758
44,restless,restless,0.9875014,3,3,0.7266077
45,restless,restless,0.4868953,4,5,0.51097053
46,mixed,restless,0.6819273,2,4,0.68029124
47,calm,calm,0.40561864,4,4,0.42551553
48,neutral,neutral,0.40743554,1,3,0.27914438
49,calm,calm,0.98878866,4,3,0.62516075
50,restless,restless,0.9986424,4,5,0.65809417
51,neutral,neutral,0.9869791,2,1,0.6104446
52,mixed,mixed,0.9544542,4,4,0.42261633
53,calm,calm,0.99893576,4,3,0.58378404
54,overwhelmed,overwhelmed,0.7083795,5,1,0.3917675
55,calm,calm,0.99844754,4,2,0.871437
56,calm,calm,0.81658643,3,3,0.6881359
57,calm,calm,0.97039366,3,2,0.7035624
58,restless,restless,0.29994473,5,4,0.4381063
59,focused,focused,0.83572555,3,3,0.7537424
60,neutral,neutral,0.5648018,3,2,0.50735563
61,restless,restless,0.99755776,3,4,0.32511556
62,mixed,neutral,0.43722802,4,5,0.379265
63,overwhelmed,overwhelmed,0.86403954,5,4,0.9539362
64,focused,focused,0.9889609,2,4,0.890945
65,mixed,mixed,0.9898234,2,4,0.59168243
66,calm,calm,0.988913,4,3,0.82320815
67,restless,restless,0.53944695,4,5,0.5206746
68,focused,focused,0.8977501,4,4,0.46593484
69,overwhelmed,overwhelmed,0.73706806,5,4,0.43422425
70,calm,calm,0.9989844,3,2,0.5257399
71,overwhelmed,overwhelmed,0.98138016,5,5,0.41540328
72,overwhelmed,overwhelmed,0.9686525,4,5,0.325688
73,neutral,neutral,0.65493417,1,3,0.38277763
74,neutral,neutral,0.98867047,1,2,0.8095631
75,restless,restless,0.9882608,4,4,0.4289358
76,neutral,neutral,0.75715744,2,3,0.718279
77,mixed,mixed,0.8959875,3,1,0.76812875
78,mixed,mixed,0.95538557,3,4,0.9305234
79,mixed,mixed,0.9338549,3,4,0.47731712
80,focused,focused,0.99861467,3,3,0.4535149
81,calm,calm,0.9847874,3,2,0.4526046
82,focused,focused,0.7123027,4,2,0.8385474
83,focused,focused,0.53082204,4,2,0.83871895
84,calm,calm,0.98374027,3,4,0.880194
85,overwhelmed,overwhelmed,0.70979637,5,2,0.37915948
86,calm,calm,0.9505812,2,2,0.53554046
87,mixed,mixed,0.9893167,3,2,0.6506065
88,neutral,neutral,0.59132344,1,4,0.676194
89,restless,restless,0.9895335,4,4,0.6385675
90,restless,restless,0.81269383,4,4,0.34840748
91,neutral,neutral,0.946265,1,1,0.55549943
92,neutral,neutral,0.97877455,1,1,0.72796565
93,restless,restless,0.99675083,4,4,0.51054513
94,restless,restless,0.9923964,4,3,0.87031484
95,neutral,neutral,0.39203453,2,4,0.5270262
96,restless,restless,0.9830161,4,4,0.8527764
97,mixed,mixed,0.99229324,2,4,0.50539446
98,restless,restless,0.3602266,4,4,0.84848154
99,focused,focused,0.9656423,2,2,0.474751
100,mixed,calm,0.32828563,2,1,0.37803742
101,mixed,mixed,0.96029234,4,3,0.5452634
102,calm,calm,0.9993736,2,3,0.8535972
103,restless,restless,0.95886934,3,4,0.50538486
104,calm,calm,0.77228844,3,4,0.5862013
105,overwhelmed,overwhelmed,0.9978765,4,5,0.7281112
106,restless,restless,0.99859744,5,4,0.9752196
107,focused,focused,0.94751304,3,3,0.7758902
108,mixed,mixed,0.78311676,4,4,0.67864746
109,calm,calm,0.99330753,3,2,0.40133315
110,focused,focused,0.41674253,3,2,0.5658041
111,mixed,mixed,0.9417851,2,3,0.61615133
112,calm,calm,0.9875678,3,3,0.8787658
113,overwhelmed,overwhelmed,0.8934752,4,5,0.74620837
114,calm,calm,0.9966689,4,4,0.5269216
115,overwhelmed,overwhelmed,0.80895823,4,4,0.49419162
116,neutral,neutral,0.98801106,2,1,0.39496124
117,overwhelmed,mixed,0.5163289,5,2,0.32301274
118,overwhelmed,overwhelmed,0.6091675,4,4,0.47146925
119,restless,restless,0.8394442,4,2,0.5068406
120,calm,calm,0.79320955,3,4,0.58235496
121,mixed,mixed,0.8098802,5,2,0.3990985
122,neutral,neutral,0.9703532,1,3,0.50227845
123,overwhelmed,overwhelmed,0.9156473,2,4,0.57147855
124,mixed,mixed,0.9877759,1,5,0.5907703
125,neutral,neutral,0.98932785,3,4,0.6478602
126,calm,calm,0.8357334,5,3,0.5875092
127,overwhelmed,overwhelmed,0.96242213,4,5,0.30376703
128,neutral,neutral,0.9777453,3,4,0.5761211
129,neutral,overwhelmed,0.31902438,3,3,0.41883188
130,restless,restless,0.7872213,4,3,0.83772594
131,focused,focused,0.9551873,2,4,0.47282577
132,neutral,neutral,0.9813945,5,4,0.39726776
133,overwhelmed,overwhelmed,0.9794303,2,4,0.4474761
134,focused,focused,0.9614824,2,2,0.32049936
135,focused,focused,0.8958835,4,4,0.28523117
136,focused,focused,0.81267077,1,4,0.7756874
137,neutral,neutral,0.97634774,2,1,0.7094804
138,restless,restless,0.96873456,3,4,0.81402814
139,calm,calm,0.9063576,1,2,0.40015566
140,calm,calm,0.8652732,3,3,0.3674676
141,calm,calm,0.9864239,5,4,0.41655314
142,neutral,neutral,0.9963314,5,4,0.62047374
143,mixed,mixed,0.9957919,2,1,0.5758416
144,focused,focused,0.97297215,1,2,0.47272637
145,calm,calm,0.9550595,1,2,0.4456493
146,mixed,mixed,0.9867143,3,2,0.4400837
147,neutral,neutral,0.9566699,3,2,0.4280249
148,focused,focused,0.8919784,3,4,0.8457578
149,focused,focused,0.9455348,2,5,0.46673965
150,focused,focused,0.96926314,5,3,0.65066415
151,neutral,neutral,0.9816648,2,4,0.28884572
152,restless,restless,0.94779325,3,5,0.36624
153,neutral,focused,0.46091345,4,1,0.48078296
154,neutral,neutral,0.98264265,5,1,0.5458857
155,mixed,mixed,0.9946464,1,1,0.28442964
156,overwhelmed,overwhelmed,0.6962779,1,2,0.39442256
157,neutral,neutral,0.75180286,2,4,0.4315346
158,calm,focused,0.35230094,3,4,0.4904909
159,calm,calm,0.8838587,4,2,0.7207046
160,overwhelmed,overwhelmed,0.8865222,2,4,0.6158331
161,overwhelmed,overwhelmed,0.92815787,2,5,0.41178483
162,mixed,mixed,0.97523797,3,4,0.6887549
163,mixed,mixed,0.81230587,5,3,0.43377018
164,neutral,neutral,0.96960104,4,3,0.5205788
165,calm,calm,0.97048587,1,5,0.39345482
166,focused,focused,0.97770065,4,4,0.3805026
167,restless,restless,0.954527,1,3,0.30624515
168,overwhelmed,overwhelmed,0.8704905,1,1,0.4547591
169,neutral,neutral,0.90786135,3,3,0.3422163
170,neutral,neutral,0.97183573,1,5,0.5679335
171,mixed,mixed,0.8352237,1,4,0.34023613
172,focused,focused,0.939707,1,4,0.48545292
173,mixed,mixed,0.9651418,4,3,0.35902202
174,calm,calm,0.99040526,3,5,0.47532457
175,overwhelmed,overwhelmed,0.87117076,1,3,0.31680426
176,restless,restless,0.77055913,5,5,0.7240035
177,overwhelmed,overwhelmed,0.9101415,4,2,0.43409038
178,calm,calm,0.48597214,5,2,0.4458803
179,overwhelmed,overwhelmed,0.98424983,2,3,0.3421221
180,mixed,mixed,0.65202606,5,5,0.4049308
181,mixed,mixed,0.9170079,3,5,0.5678553
182,mixed,mixed,0.99011785,3,1,0.34588328
183,calm,calm,0.96514535,2,5,0.7362534
184,mixed,mixed,0.9092391,5,3,0.47665304
185,restless,restless,0.95241636,5,2,0.33090627
186,calm,calm,0.9126902,4,1,0.49377516
187,mixed,mixed,0.9356679,5,4,0.82280517
188,overwhelmed,focused,0.3918546,3,4,0.44311035
189,neutral,neutral,0.97338665,5,5,0.6604612
190,focused,focused,0.96213824,1,3,0.46694958
191,focused,focused,0.97807306,5,1,0.6599565
192,calm,calm,0.98489285,1,2,0.31033757
193,overwhelmed,overwhelmed,0.9711491,5,4,0.35280693
194,overwhelmed,overwhelmed,0.9907085,3,3,0.58349854
195,focused,focused,0.9512191,4,2,0.31465164
196,mixed,mixed,0.97986037,2,3,0.49100465
197,overwhelmed,overwhelmed,0.979681,5,3,0.4810058
198,mixed,mixed,0.62279713,1,2,0.44556326
199,calm,calm,0.9846315,4,2,0.5143817
200,calm,calm,0.9337874,3,3,0.31384736
201,calm,calm,0.97254544,3,2,0.55809337
202,neutral,neutral,0.7995583,5,3,0.37650317
203,overwhelmed,overwhelmed,0.9751012,2,4,0.3787149
204,calm,calm,0.97835207,5,2,0.47605932
205,restless,restless,0.98449403,3,4,0.3801965
206,restless,restless,0.87458116,1,2,0.39491254
207,overwhelmed,overwhelmed,0.96199244,4,2,0.5193458
208,restless,restless,0.9086135,4,3,0.42755485
209,focused,focused,0.9263644,3,5,0.3436639
210,overwhelmed,overwhelmed,0.93254375,2,4,0.39770886
211,focused,focused,0.96801513,3,2,0.39643222
212,mixed,mixed,0.91461706,1,5,0.5270502
213,mixed,mixed,0.7619568,4,5,0.39275947
214,neutral,neutral,0.96725464,2,1,0.77080864
215,mixed,mixed,0.9807417,1,4,0.4139574
216,calm,calm,0.8774772,5,5,0.4223484
217,restless,restless,0.9002559,4,2,0.60325223
218,restless,restless,0.9762815,4,3,0.59869474
219,mixed,mixed,0.99625164,3,1,0.36962196
220,calm,calm,0.96811754,4,5,0.2952848
221,restless,restless,0.98619694,5,3,0.42856014
222,mixed,mixed,0.96262556,2,3,0.7852081
223,calm,calm,0.7977049,4,5,0.5882019
224,calm,calm,0.9927072,4,2,0.3708627
225,focused,focused,0.97728,3,5,0.31242678
226,restless,restless,0.97929287,5,3,0.87125653
227,calm,calm,0.9902559,5,5,0.74627334
228,mixed,mixed,0.99485886,5,1,0.32648513
229,restless,restless,0.408082,3,4,0.5057537
230,neutral,neutral,0.93807656,3,4,0.3383071
231,overwhelmed,overwhelmed,0.988086,3,4,0.73213565
232,overwhelmed,overwhelmed,0.9806542,2,5,0.26395428
233,focused,focused,0.9670078,5,1,0.24031697
234,restless,restless,0.9045756,4,3,0.42663962
235,restless,restless,0.9427124,1,1,0.2852479
236,overwhelmed,overwhelmed,0.99640626,4,2,0.7986157
237,focused,focused,0.9903278,3,1,0.69919026
238,restless,restless,0.5794903,2,5,0.43822494
239,neutral,neutral,0.97845024,5,2,0.61668116
240,overwhelmed,overwhelmed,0.962058,3,3,0.5560654
241,neutral,neutral,0.9099506,3,5,0.4518213
242,calm,calm,0.9558773,2,3,0.7038225
243,focused,focused,0.98050195,4,5,0.34347612
244,calm,calm,0.94792736,5,2,0.3762068
245,focused,focused,0.97923344,5,1,0.5116827
246,calm,calm,0.9704686,3,4,0.5593341
247,mixed,mixed,0.8802466,2,3,0.5184827
248,overwhelmed,overwhelmed,0.97651494,1,3,0.44501102
249,mixed,mixed,0.91121835,2,5,0.32845652
250,overwhelmed,overwhelmed,0.9732651,1,2,0.73953307
251,neutral,neutral,0.95373255,4,3,0.6741497
252,calm,calm,0.95195085,1,1,0.37664524
253,overwhelmed,overwhelmed,0.97104084,3,3,0.55973244
254,overwhelmed,overwhelmed,0.9422732,1,4,0.7534592
255,restless,restless,0.9770363,2,4,0.45591503
256,calm,calm,0.83666766,5,5,0.50521505
257,restless,restless,0.99434483,2,4,0.58476907
258,mixed,mixed,0.9633251,4,4,0.4315741
259,focused,focused,0.5951199,4,1,0.83216345
260,restless,restless,0.984671,1,4,0.7119247
261,focused,focused,0.9743318,3,3,0.4408708
262,restless,restless,0.8820502,2,4,0.35068914
263,calm,calm,0.85056037,3,4,0.4739489
264,overwhelmed,overwhelmed,0.7153843,4,1,0.5471762
265,focused,focused,0.9836964,1,4,0.7217074
266,neutral,neutral,0.92609906,3,4,0.51221395
267,restless,restless,0.99114543,1,4,0.4693093
268,mixed,mixed,0.9266092,1,4,0.37870017
269,calm,calm,0.958868,4,4,0.4891505
270,mixed,mixed,0.9554698,5,2,0.6644759
271,neutral,restless,0.6740645,1,3,0.5717605
272,calm,calm,0.97374314,4,3,0.7355232
273,neutral,neutral,0.851887,5,2,0.7204834
274,focused,focused,0.7807532,3,5,0.54685116
275,focused,focused,0.68467075,2,5,0.44244778
276,restless,restless,0.89360446,1,4,0.4579433
277,neutral,neutral,0.98191077,3,5,0.6359594
278,focused,focused,0.900934,1,2,0.47002023
279,calm,calm,0.98712397,5,2,0.36433437
280,neutral,neutral,0.97625434,1,5,0.6537499
281,mixed,mixed,0.82993835,1,4,0.38337612
282,restless,restless,0.99006,5,3,0.71123385
283,focused,focused,0.98340076,3,1,0.6551283
284,mixed,mixed,0.87878036,3,1,0.4111906
285,calm,calm,0.61511606,2,4,0.55319315
286,neutral,neutral,0.85111517,4,3,0.6355144
287,overwhelmed,overwhelmed,0.98506594,4,1,0.46661928
288,neutral,neutral,0.88427675,3,1,0.25467142
289,calm,calm,0.9239467,1,3,0.416315
290,neutral,neutral,0.9780015,3,3,0.6134556
291,mixed,mixed,0.9858688,1,1,0.37005657
292,overwhelmed,overwhelmed,0.9349926,4,2,0.41635072
293,restless,restless,0.988368,4,3,0.47614557
294,calm,calm,0.9146739,4,4,0.38149282
295,mixed,mixed,0.9447335,1,2,0.5524456
296,overwhelmed,overwhelmed,0.54560196,1,3,0.5482244
297,neutral,neutral,0.9657855,5,3,0.32106137
298,mixed,mixed,0.9696592,3,1,0.56519943
299,focused,focused,0.7929534,5,4,0.49302185
300,calm,calm,0.98792017,2,2,0.56998277
301,calm,calm,0.8732715,5,5,0.54050505
302,focused,focused,0.8976023,4,1,0.2897433
303,neutral,neutral,0.97692174,1,5,0.3404576
304,calm,calm,0.9510076,3,1,0.62140805
305,focused,focused,0.8270963,1,4,0.905243
306,neutral,neutral,0.9288054,4,4,0.35328522
307,calm,calm,0.98071253,5,4,0.59286875
308,focused,focused,0.9453084,4,3,0.6308719
309,calm,calm,0.8742052,5,4,0.41183594
310,neutral,neutral,0.9178973,2,5,0.8041608
311,neutral,neutral,0.9491564,3,4,0.40533534
312,mixed,mixed,0.97495484,4,2,0.54652894
313,neutral,neutral,0.9691009,5,5,0.7826519
314,neutral,neutral,0.921161,4,1,0.342607
315,overwhelmed,overwhelmed,0.9703757,4,2,0.47929826
316,calm,calm,0.9813892,5,2,0.26521796
317,neutral,neutral,0.9566673,2,3,0.45814562
318,mixed,mixed,0.9130277,3,4,0.29389077
319,neutral,neutral,0.93229526,2,2,0.8079826
320,neutral,neutral,0.9592443,1,4,0.3789036
321,neutral,neutral,0.9854807,3,3,0.3833864
322,focused,focused,0.9770135,5,1,0.79978675
323,calm,calm,0.9897856,3,3,0.2796061
324,calm,calm,0.9899935,2,3,0.4401501
325,focused,focused,0.927133,5,3,0.41818613
326,neutral,neutral,0.97160923,1,1,0.64753294
327,overwhelmed,overwhelmed,0.9169623,1,2,0.3273945
328,overwhelmed,overwhelmed,0.8848984,4,5,0.69929814
329,overwhelmed,overwhelmed,0.9897898,5,2,0.31383893
330,overwhelmed,overwhelmed,0.97824746,2,1,0.31143877
331,focused,focused,0.77153057,4,2,0.57106614
332,neutral,neutral,0.91802114,5,3,0.5229937
333,neutral,neutral,0.9106928,5,1,0.34741232
334,neutral,neutral,0.9536408,1,1,0.43830824
335,focused,focused,0.8530562,2,3,0.7715367
336,calm,calm,0.9856607,2,3,0.6324358
337,restless,restless,0.9578413,2,5,0.50329745
338,restless,restless,0.92748046,1,3,0.36583257
339,overwhelmed,overwhelmed,0.97124195,5,1,0.3896392
340,neutral,neutral,0.9766814,3,5,0.40008435
341,restless,restless,0.9615738,3,4,0.5505703
342,restless,restless,0.9264692,5,2,0.35240382
343,focused,focused,0.9503926,3,2,0.5036206
344,restless,restless,0.9897984,5,4,0.75667363
345,restless,restless,0.9778968,1,3,0.45643094
346,calm,calm,0.989408,4,2,0.30579233
347,calm,calm,0.98907554,2,4,0.47627446
348,calm,calm,0.96828777,4,5,0.5741475
349,restless,restless,0.988815,4,5,0.6219023
350,mixed,mixed,0.97282064,4,3,0.59113747
351,mixed,mixed,0.9188259,1,4,0.39065182
352,calm,calm,0.98517054,4,2,0.82884526
353,restless,restless,0.8062849,3,1,0.7952434
354,overwhelmed,overwhelmed,0.5430511,3,2,0.5964627
355,overwhelmed,overwhelmed,0.45990205,2,2,0.4480928
356,mixed,mixed,0.9268164,2,1,0.46530077
357,overwhelmed,overwhelmed,0.8699957,5,5,0.5654596
358,calm,calm,0.960006,4,4,0.7492344
359,focused,focused,0.98368824,1,2,0.24005719
360,overwhelmed,overwhelmed,0.94241506,5,2,0.41192722
361,neutral,neutral,0.96985304,1,2,0.4259195
362,calm,calm,0.95671093,4,4,0.83500004
363,calm,calm,0.98249155,1,4,0.39950868
364,overwhelmed,overwhelmed,0.98046917,1,3,0.35813376
365,overwhelmed,overwhelmed,0.9743868,4,3,0.4515224
366,neutral,neutral,0.9600353,2,2,0.72342455
367,neutral,neutral,0.89866424,2,1,0.6264689
368,calm,calm,0.95194197,5,2,0.37055272
369,focused,focused,0.99419457,1,5,0.39602003
370,mixed,mixed,0.93085074,2,5,0.43277273
371,mixed,mixed,0.987023,1,2,0.33816245
372,focused,focused,0.9417918,4,2,0.62952304
373,neutral,neutral,0.95087665,1,1,0.44822034
374,mixed,mixed,0.9719363,3,1,0.4509456
375,neutral,neutral,0.9457355,2,2,0.35965064
376,mixed,mixed,0.9330268,1,1,0.7564975
377,focused,focused,0.9351813,5,4,0.49508673
378,calm,calm,0.94113404,4,2,0.5086651
379,focused,focused,0.9481218,1,1,0.58008516
380,calm,calm,0.95778054,2,3,0.317279
381,calm,calm,0.52795047,2,3,0.4560128
382,calm,calm,0.76510584,3,2,0.542847
383,focused,focused,0.9004313,1,4,0.36760005
384,restless,restless,0.9640897,3,5,0.7083836
385,neutral,neutral,0.9588977,2,4,0.664511
386,neutral,neutral,0.9901867,3,4,0.34400702
387,restless,restless,0.8271831,3,5,0.5511275
388,neutral,neutral,0.9330892,4,5,0.46027467
389,overwhelmed,overwhelmed,0.95702636,2,3,0.5192687
390,overwhelmed,overwhelmed,0.9907794,5,4,0.525285
391,calm,calm,0.8895842,2,3,0.4372314
392,focused,focused,0.9427935,1,1,0.95924246
393,focused,focused,0.98341656,5,4,0.3861834
394,calm,calm,0.93986887,1,2,0.35768628
395,restless,restless,0.9006436,4,5,0.45043486
396,restless,restless,0.8989115,2,3,0.36419916
397,restless,restless,0.9765162,5,4,0.620174
398,overwhelmed,overwhelmed,0.99369884,3,3,0.3713546
399,calm,calm,0.9167414,3,2,0.7607205
400,focused,focused,0.67956823,4,3,0.74080074
401,overwhelmed,overwhelmed,0.9463288,4,4,0.33373964
402,neutral,neutral,0.95880306,4,3,0.5189402
403,focused,focused,0.7568661,3,3,0.48367172
404,focused,focused,0.96402854,2,3,0.5966486
405,focused,focused,0.7546023,1,4,0.5185959
406,overwhelmed,overwhelmed,0.9680618,1,3,0.33847496
407,neutral,neutral,0.8489267,2,2,0.8493135
408,overwhelmed,overwhelmed,0.96793383,4,4,0.41583893
409,mixed,mixed,0.9457607,2,5,0.39623505
410,mixed,mixed,0.7852631,4,5,0.32017818
411,calm,calm,0.9747372,3,4,0.6354807
412,mixed,mixed,0.9675763,5,2,0.36019236
413,restless,restless,0.97027934,3,3,0.65819025
414,neutral,neutral,0.9709622,1,1,0.40590125
415,focused,focused,0.9583423,4,4,0.56867385
416,restless,restless,0.9812183,5,1,0.448012
417,overwhelmed,overwhelmed,0.75018317,4,1,0.41649085
418,restless,restless,0.9838855,4,4,0.5118304
419,restless,restless,0.9660039,4,5,0.3420939
420,focused,focused,0.92639464,2,3,0.65214723
421,restless,restless,0.94685864,2,5,0.6787784
422,mixed,mixed,0.97975874,1,3,0.36284333
423,restless,restless,0.9710933,4,5,0.70696944
424,mixed,mixed,0.98340017,3,1,0.5349344
425,calm,calm,0.9913317,5,2,0.25415578
426,focused,focused,0.6360179,4,1,0.86931795
427,focused,focused,0.9163927,4,3,0.34175014
428,focused,focused,0.9688599,3,4,0.9328332
429,overwhelmed,overwhelmed,0.93439245,2,4,0.6763189
430,neutral,neutral,0.9769075,5,2,0.66777027
431,mixed,mixed,0.8344608,3,1,0.40907377
432,neutral,neutral,0.9737882,2,1,0.5740241
433,focused,focused,0.9568642,4,2,0.53199184
434,neutral,neutral,0.94876736,4,3,0.5716546
435,neutral,neutral,0.96598923,2,2,0.7188223
436,restless,restless,0.6968415,2,3,0.21807939
437,restless,restless,0.8469477,5,2,0.42966405
438,overwhelmed,overwhelmed,0.9557098,5,2,0.3161133
439,neutral,neutral,0.9408179,2,5,0.6251499
440,restless,restless,0.9876332,5,2,0.55482316
441,neutral,neutral,0.8008334,5,5,0.40586746
442,mixed,mixed,0.95834756,1,2,0.54059
443,mixed,mixed,0.80782986,2,2,0.5539204
444,focused,focused,0.88334656,5,3,0.54050034
445,restless,restless,0.90836865,1,4,0.55327284
446,restless,restless,0.8225827,1,1,0.3552461
447,restless,restless,0.95821685,2,4,0.51852643
448,calm,calm,0.98405313,2,4,0.7673424
449,focused,focused,0.9165078,1,3,0.58604014
450,restless,restless,0.9924126,3,4,0.58892876
451,neutral,neutral,0.78977567,4,4,0.36057413
452,overwhelmed,overwhelmed,0.85130507,4,5,0.6380742
453,mixed,mixed,0.96518344,2,1,0.5941521
454,neutral,neutral,0.91255033,5,3,0.6271671
455,calm,calm,0.984136,5,2,0.54945666
456,mixed,mixed,0.93579483,4,4,0.4410589
457,mixed,mixed,0.9923488,3,2,0.4337653
458,restless,restless,0.93268,4,3,0.74794626
459,focused,focused,0.91752017,3,5,0.41765058
460,calm,calm,0.96301234,1,5,0.3913264
461,restless,restless,0.90138113,2,2,0.6261611
462,neutral,neutral,0.91615224,2,2,0.45648804
463,neutral,neutral,0.8074461,2,2,0.72472644
464,neutral,neutral,0.96849936,1,1,0.6265652
465,calm,calm,0.94055873,4,4,0.54223037
466,neutral,neutral,0.8855908,2,2,0.81709874
467,restless,restless,0.99162346,3,2,0.8413528
468,overwhelmed,overwhelmed,0.9912378,3,4,0.70667803
469,overwhelmed,focused,0.4463529,1,4,0.82224554
470,restless,restless,0.9046226,2,1,0.83779913
471,restless,restless,0.94149154,3,5,0.48525566
472,focused,focused,0.9731828,1,1,0.6187514
473,calm,calm,0.97164595,1,5,0.502369
474,overwhelmed,overwhelmed,0.7988005,3,5,0.39939696
475,overwhelmed,overwhelmed,0.9200354,4,2,0.81906277
476,mixed,mixed,0.8344989,5,2,0.6295853
477,overwhelmed,overwhelmed,0.967523,3,1,0.3740325
478,overwhelmed,overwhelmed,0.87746865,2,4,0.6446717
479,mixed,mixed,0.84306854,5,1,0.517416
480,calm,calm,0.9108405,5,2,0.639779
481,restless,restless,0.47935468,1,3,0.38366923
482,focused,neutral,0.48414573,2,2,0.42380062
483,restless,calm,0.33749646,1,1,0.89327526
484,neutral,calm,0.3437139,3,1,0.52434355
485,neutral,focused,0.9614302,1,1,0.5555949
486,overwhelmed,focused,0.41506934,2,5,0.36323765
487,overwhelmed,mixed,0.6727101,3,2,0.5368846
488,restless,calm,0.38782358,4,1,0.64960146
489,calm,mixed,0.4519056,1,4,0.35833102
490,focused,focused,0.49819514,4,1,0.2404365
491,mixed,neutral,0.49940664,5,4,0.39824998
492,neutral,neutral,0.41981328,5,1,0.35740623
493,restless,mixed,0.40803432,1,3,0.44555485
494,overwhelmed,overwhelmed,0.697196,2,1,0.39816225
495,neutral,mixed,0.66437745,2,1,0.45639294
496,calm,restless,0.4626,5,4,0.37602007
497,focused,calm,0.32298848,1,5,0.39620748
498,focused,focused,0.5378427,5,5,0.36216745
499,overwhelmed,neutral,0.95203024,3,3,0.34794042
500,calm,mixed,0.76682216,3,4,0.692668
501,overwhelmed,restless,0.35912198,3,5,0.5189026
502,restless,neutral,0.36647943,2,3,0.64279485
503,overwhelmed,calm,0.45478117,2,3,0.39438447
504,calm,mixed,0.57105154,1,5,0.4300666
505,calm,neutral,0.3934778,2,5,0.5518956
506,mixed,restless,0.58666146,3,4,0.480786
507,calm,restless,0.6655266,4,5,0.37616178
508,restless,calm,0.7235643,5,5,0.49726006
509,focused,restless,0.7454713,2,5,0.4745022
510,calm,mixed,0.6584356,5,4,0.32724568
511,calm,overwhelmed,0.6799437,2,5,0.32666683
512,calm,neutral,0.29021245,5,4,0.30939215
513,restless,overwhelmed,0.47583157,1,4,0.51225615
514,neutral,calm,0.6525226,4,5,0.3886124
515,mixed,overwhelmed,0.8546689,1,2,0.6782599
516,overwhelmed,overwhelmed,0.96695197,1,3,0.73079336
517,mixed,neutral,0.77382165,3,5,0.39599398
518,restless,focused,0.29436153,4,4,0.6275927
519,restless,neutral,0.46369368,5,5,0.5378288
520,focused,restless,0.386531,1,1,0.35099226
521,focused,focused,0.4609776,1,1,0.67558026
522,mixed,calm,0.23484805,5,4,0.387209
523,neutral,neutral,0.43574274,3,1,0.3249521
524,calm,overwhelmed,0.6216419,5,2,0.57428527
525,calm,restless,0.422416,1,4,0.30160618
526,neutral,neutral,0.72089773,5,4,0.6276422
527,mixed,calm,0.47047892,3,4,0.38587013
528,overwhelmed,restless,0.7666168,4,2,0.312202
529,calm,neutral,0.46152997,1,4,0.36892456
530,calm,restless,0.26910666,3,5,0.53173935
531,restless,calm,0.4619683,5,1,0.4621703
532,calm,overwhelmed,0.37744877,3,5,0.3490637
533,neutral,neutral,0.3621875,4,4,0.2695512
534,calm,restless,0.30086577,3,3,0.58615196
535,mixed,calm,0.8760521,3,2,0.35959166
536,focused,restless,0.44078854,4,5,0.30539298
537,restless,restless,0.55475855,1,1,0.3460774
538,overwhelmed,calm,0.72702414,2,1,0.52167434
539,neutral,calm,0.57356656,5,3,0.49192026
540,focused,mixed,0.5254656,1,1,0.4686127
541,overwhelmed,restless,0.3140048,5,5,0.33064553
542,overwhelmed,focused,0.7266368,4,4,0.39090618
543,mixed,overwhelmed,0.33430633,3,1,0.47391686
544,focused,mixed,0.53683704,3,4,0.35737407
545,mixed,neutral,0.43886328,3,5,0.27099165
546,overwhelmed,calm,0.86821437,2,3,0.5019269
547,focused,overwhelmed,0.7719783,3,2,0.42394662
548,neutral,calm,0.3063742,1,3,0.4923899
549,mixed,focused,0.69807804,5,1,0.48926485
550,neutral,overwhelmed,0.31551477,1,1,0.4435705
551,overwhelmed,neutral,0.6414286,5,1,0.42957428
552,mixed,neutral,0.6283047,2,3,0.5542778
553,overwhelmed,neutral,0.8120923,2,2,0.5344106
554,calm,mixed,0.35705563,3,2,0.3991754
555,focused,overwhelmed,0.5084371,4,5,0.35078797
556,restless,restless,0.38408816,1,5,0.41705325
557,restless,restless,0.74928105,4,2,0.41895404
558,mixed,overwhelmed,0.34804064,3,4,0.7210286
559,calm,calm,0.38542044,5,2,0.33546114
560,mixed,overwhelmed,0.4064392,2,3,0.35736892
561,neutral,calm,0.35671002,1,4,0.37159774
562,focused,mixed,0.56980443,2,1,0.40413976
563,neutral,restless,0.28808975,4,4,0.35257906
564,overwhelmed,restless,0.31839517,1,3,0.26051444
565,overwhelmed,neutral,0.959752,3,4,0.36714208
566,neutral,calm,0.3981497,4,3,0.27153412
567,overwhelmed,neutral,0.3336252,2,4,0.41200072
568,focused,focused,0.3666947,3,1,0.3078376
569,restless,restless,0.669108,5,5,0.5021454
570,calm,mixed,0.5886945,5,1,0.48879653
571,mixed,mixed,0.44205266,4,3,0.6875797
572,overwhelmed,restless,0.4818115,1,5,0.5745553
573,focused,focused,0.6819957,2,4,0.4826419
574,restless,calm,0.3863376,5,5,0.39461005
575,restless,overwhelmed,0.49048758,4,5,0.6548141
576,neutral,restless,0.53699124,5,2,0.4146095
577,mixed,mixed,0.37812436,3,3,0.31705028
578,restless,restless,0.8119856,4,2,0.35114598
579,neutral,overwhelmed,0.54020053,4,2,0.5722275
580,calm,mixed,0.3172419,1,5,0.434813
581,calm,neutral,0.36342207,2,4,0.39248243
582,calm,overwhelmed,0.6580744,3,5,0.80507284
583,neutral,calm,0.9396574,2,4,0.79079646
584,restless,focused,0.9129117,3,4,0.2911903
585,neutral,overwhelmed,0.36840117,2,2,0.7486359
586,focused,calm,0.45820808,4,5,0.49746063
587,calm,overwhelmed,0.5602013,5,5,0.31356567
588,focused,overwhelmed,0.31322134,2,2,0.6316057
589,mixed,calm,0.80585825,5,1,0.5122252
590,mixed,overwhelmed,0.4013809,1,1,0.5752359
591,restless,neutral,0.28711614,4,2,0.72628856
592,calm,restless,0.54392666,3,5,0.40126592
593,overwhelmed,calm,0.27272627,2,2,0.36115423
594,neutral,mixed,0.5092323,4,1,0.36813444
595,neutral,neutral,0.39448193,2,2,0.38419646
596,mixed,neutral,0.35799846,1,5,0.27434623
597,mixed,neutral,0.33989123,3,5,0.4412415
598,calm,calm,0.7339667,4,1,0.35968804
599,overwhelmed,restless,0.8059239,2,4,0.33537844
600,restless,focused,0.41783127,1,2,0.2895219
601,overwhelmed,calm,0.63551474,3,3,0.319871
602,restless,overwhelmed,0.54143023,1,4,0.5612537
603,restless,restless,0.21721889,5,2,0.42683044
604,restless,mixed,0.41765118,2,5,0.43382156
605,calm,neutral,0.42552158,1,2,0.7427801
606,mixed,restless,0.4949056,2,1,0.37049946
607,restless,restless,0.6864313,1,5,0.3208628
608,focused,mixed,0.36686358,3,5,0.33571267
609,focused,mixed,0.40051848,5,3,0.46284288
610,focused,mixed,0.4394796,4,5,0.7206066
611,overwhelmed,restless,0.63199574,1,1,0.34620762
612,calm,neutral,0.34272057,3,2,0.83337104
613,overwhelmed,overwhelmed,0.49818787,3,2,0.44104737
614,mixed,calm,0.82263017,5,2,0.37001327
615,restless,calm,0.6036203,5,4,0.32642376
616,calm,restless,0.48625034,1,2,0.32706475
617,focused,calm,0.43416315,2,4,0.5244918
618,restless,neutral,0.42316282,4,4,0.56250757
619,calm,neutral,0.29840282,5,2,0.41094646
620,focused,neutral,0.5812533,1,2,0.4774433
621,calm,neutral,0.8865492,5,4,0.41140133
622,focused,neutral,0.44382694,5,4,0.38566896
623,overwhelmed,neutral,0.5667222,4,1,0.3835885
624,mixed,mixed,0.3914519,4,1,0.25532696
625,restless,focused,0.6856965,2,4,0.5054944
626,restless,restless,0.37982333,2,3,0.46911058
627,neutral,calm,0.3622801,1,4,0.40892732
628,restless,restless,0.5631052,4,1,0.7623148
629,neutral,overwhelmed,0.38761243,2,2,0.8492203
630,neutral,neutral,0.4706927,4,1,0.39695042
631,focused,calm,0.30806473,1,4,0.5063159
632,mixed,overwhelmed,0.34361428,3,5,0.6975026
633,restless,restless,0.37590212,1,5,0.5086826
634,restless,calm,0.6524481,3,1,0.37148076
635,mixed,focused,0.4871122,4,5,0.43904892
636,overwhelmed,neutral,0.4482503,5,1,0.8321729
637,overwhelmed,neutral,0.38298666,3,1,0.5122036
638,neutral,calm,0.533013,4,2,0.45233086
639,restless,neutral,0.49782747,2,1,0.5142351
640,neutral,overwhelmed,0.62100506,4,2,0.60556424
641,focused,restless,0.42408594,4,3,0.52073216
642,neutral,restless,0.35697445,2,1,0.69883144
643,overwhelmed,restless,0.6100598,1,4,0.39644974
644,neutral,calm,0.80191773,1,1,0.33331838
645,calm,neutral,0.3533984,2,1,0.66499054
646,overwhelmed,overwhelmed,0.6272811,1,5,0.32161203
647,restless,restless,0.40848702,4,2,0.5807564
648,restless,focused,0.36120075,5,1,0.33681077
649,calm,neutral,0.53313035,4,3,0.36231956
650,restless,restless,0.7633641,5,4,0.28867674
651,restless,overwhelmed,0.41725084,4,1,0.399953
652,restless,focused,0.34754476,2,5,0.47168207
653,neutral,overwhelmed,0.59488195,1,4,0.49251032
654,focused,restless,0.6026252,1,2,0.4169247
655,restless,restless,0.5569873,5,1,0.3389644
656,mixed,calm,0.92515785,5,3,0.4604277
657,restless,overwhelmed,0.3942984,5,5,0.2849938
658,focused,focused,0.41102096,4,4,0.6907617
659,overwhelmed,restless,0.5180158,3,4,0.30693713
660,mixed,overwhelmed,0.3152958,1,4,0.3009134
661,restless,restless,0.62492454,4,5,0.39458752
662,focused,focused,0.49194503,4,2,0.5180709
663,restless,calm,0.43347088,5,2,0.70357955
664,overwhelmed,restless,0.23031092,1,4,0.33934203
665,restless,neutral,0.5061023,4,2,0.38701034
666,mixed,restless,0.56798923,4,4,0.49377725
667,focused,neutral,0.41687512,4,1,0.36998156
668,neutral,focused,0.45424157,2,3,0.33039075
669,neutral,focused,0.46287957,3,4,0.31889087
670,focused,mixed,0.41574353,3,3,0.2931301
671,overwhelmed,restless,0.45649087,2,5,0.46335968
672,restless,calm,0.50560594,3,2,0.3595593
673,restless,mixed,0.33955905,1,1,0.41419572
674,mixed,calm,0.4602866,4,4,0.5345455
675,neutral,focused,0.43371373,1,3,0.5604823
676,mixed,calm,0.3740634,2,2,0.4398015
677,neutral,calm,0.496309,5,3,0.43104264
678,calm,restless,0.7944908,5,5,0.47013766
679,restless,neutral,0.57401985,1,1,0.3689252
680,neutral,calm,0.71196955,2,4,0.30247363
681,overwhelmed,calm,0.3871211,2,5,0.35624847
682,mixed,neutral,0.44181466,3,4,0.43089283
683,focused,focused,0.45057118,2,2,0.5494831
684,mixed,restless,0.3930949,3,4,0.26168925
685,calm,neutral,0.524761,1,3,0.46284086
686,calm,overwhelmed,0.37888953,4,2,0.4410499
687,calm,focused,0.7223644,2,5,0.47413194
688,restless,restless,0.49298465,5,4,0.4223689
689,calm,restless,0.47355542,1,1,0.66235507
690,calm,restless,0.37755755,5,5,0.49676576
691,focused,neutral,0.46935993,4,4,0.3805619
692,calm,restless,0.34114045,4,5,0.47596338
693,neutral,calm,0.45081705,3,2,0.44964993
694,calm,overwhelmed,0.6972452,2,4,0.37042028
695,neutral,restless,0.5292629,4,2,0.30965033
696,restless,neutral,0.57929784,5,1,0.4607705
697,calm,calm,0.47136056,2,5,0.3153039
698,restless,restless,0.5697701,1,1,0.47961834
699,focused,focused,0.6506263,3,4,0.63339746
700,overwhelmed,restless,0.3613252,5,4,0.29880112
701,focused,restless,0.5375565,3,5,0.476487
702,mixed,overwhelmed,0.44513777,4,4,0.33273506
703,calm,overwhelmed,0.26947677,4,5,0.4177871
704,focused,focused,0.57319885,3,4,0.6764619
705,calm,neutral,0.39814553,1,5,0.30662963
706,calm,calm,0.37254623,2,5,0.6688346
707,mixed,calm,0.8385537,1,5,0.5584979
708,overwhelmed,restless,0.5095751,4,2,0.6653212
709,restless,neutral,0.6548085,1,4,0.36692992
710,restless,overwhelmed,0.39522478,4,3,0.43795076
711,calm,neutral,0.37717217,5,4,0.44797525
712,restless,restless,0.904504,1,4,0.45092648
713,mixed,neutral,0.62920827,1,3,0.45786005
714,overwhelmed,calm,0.61919785,5,4,0.31222636
715,restless,restless,0.27064067,2,1,0.51594883
716,restless,focused,0.43981495,2,5,0.32473814
717,mixed,overwhelmed,0.3616399,1,5,0.32949907
718,focused,restless,0.6045963,4,5,0.48595864
719,neutral,mixed,0.28908437,1,2,0.49536645
720,mixed,calm,0.34120435,2,3,0.364664
721,focused,focused,0.3981852,4,1,0.50781417
722,calm,neutral,0.6419618,5,4,0.2986244
723,overwhelmed,calm,0.7668014,3,5,0.3704511
724,restless,mixed,0.47325283,5,2,0.3570997
725,neutral,focused,0.3728478,1,2,0.4544015
726,restless,mixed,0.55877644,5,3,0.5176503
727,restless,calm,0.38096637,2,3,0.573526
728,neutral,restless,0.44988665,2,4,0.48254886
729,neutral,overwhelmed,0.5089516,4,2,0.5648674
730,restless,restless,0.76404923,3,1,0.76556695
731,overwhelmed,mixed,0.3984895,3,5,0.47648084
732,restless,neutral,0.3579154,1,5,0.34206077
733,neutral,mixed,0.55488455,5,1,0.42299634
734,mixed,calm,0.80872446,3,2,0.7153532
735,focused,restless,0.29393673,1,3,0.55246955
736,focused,mixed,0.40771362,5,3,0.69305277
737,calm,neutral,0.43842041,1,4,0.39129838
738,calm,mixed,0.37215132,3,4,0.35223818
739,mixed,calm,0.525141,1,5,0.38063776
740,overwhelmed,focused,0.6520453,2,1,0.63202053
741,restless,overwhelmed,0.88328576,4,3,0.3074363
742,focused,focused,0.52339983,5,1,0.29041633
743,overwhelmed,calm,0.29226884,2,2,0.4281935
744,focused,calm,0.33290488,5,5,0.32707173
745,restless,overwhelmed,0.3440235,2,1,0.30515724
746,overwhelmed,overwhelmed,0.34364066,2,2,0.4430709
747,restless,mixed,0.22754173,4,1,0.83328205
748,mixed,neutral,0.4320013,2,4,0.3209048
749,calm,overwhelmed,0.28911582,2,2,0.31881043
750,restless,focused,0.32773122,1,4,0.38893574
751,restless,mixed,0.5975623,4,1,0.39148787
752,restless,restless,0.9109217,2,1,0.7993359
753,neutral,mixed,0.5469208,4,3,0.9022084
754,neutral,restless,0.9220212,3,3,0.7017129
755,neutral,calm,0.24683647,5,1,0.42020884
756,overwhelmed,restless,0.2958976,3,5,0.49160054
757,focused,neutral,0.5478771,2,3,0.80455005
758,neutral,calm,0.833424,5,5,0.37310278
759,calm,mixed,0.3436714,3,5,0.3260942
760,focused,restless,0.67033976,2,5,0.45430577
761,neutral,neutral,0.34266603,4,4,0.61607164
762,overwhelmed,calm,0.7496387,3,2,0.28418836
763,overwhelmed,calm,0.5535792,3,5,0.5285697
764,overwhelmed,calm,0.362725,4,5,0.45869532
765,restless,calm,0.88936377,1,5,0.3018314
766,mixed,focused,0.3032798,5,3,0.43434823
767,restless,overwhelmed,0.6025263,3,5,0.47903144
768,neutral,restless,0.4722298,5,2,0.33662763
769,calm,calm,0.47353324,5,5,0.689977
770,mixed,overwhelmed,0.52738184,1,2,0.39287046
771,mixed,neutral,0.7206559,2,2,0.31246322
772,mixed,overwhelmed,0.96709675,5,1,0.8194516
773,restless,overwhelmed,0.6170796,2,2,0.65804315
774,calm,calm,0.23228668,4,2,0.79128253
775,overwhelmed,mixed,0.47849748,5,1,0.4642162
776,overwhelmed,mixed,0.42757878,1,1,0.3486018
777,restless,calm,0.5141295,2,2,0.5835181
778,mixed,calm,0.43554702,1,3,0.3985248
779,focused,overwhelmed,0.354747,1,2,0.5976031
780,restless,restless,0.30284828,4,4,0.39362293
781,calm,focused,0.45245105,1,1,0.5782035
782,neutral,overwhelmed,0.43222272,2,2,0.60273045
783,neutral,calm,0.61070853,5,1,0.3696545
784,restless,neutral,0.32275406,4,5,0.37980503
785,mixed,focused,0.39683768,3,4,0.54409456
786,focused,focused,0.6941804,4,3,0.4581034
787,calm,restless,0.7377642,1,1,0.5481741
788,calm,restless,0.4440559,2,3,0.34084317
789,focused,focused,0.5156275,1,3,0.39549568
790,mixed,mixed,0.27057478,4,5,0.42011347
791,restless,focused,0.6108528,5,1,0.6638395
792,neutral,restless,0.78073573,5,4,0.2984205
793,focused,calm,0.4921821,1,2,0.5626512
794,focused,calm,0.32500982,2,4,0.57277757
795,focused,overwhelmed,0.23558989,5,5,0.35316828
796,focused,restless,0.496156,2,4,0.2926696
797,focused,overwhelmed,0.29003125,2,1,0.39809078
798,focused,calm,0.3764722,1,5,0.29487482
799,neutral,focused,0.40519437,4,4,0.54669046
800,restless,mixed,0.5167753,2,1,0.4071535
801,focused,neutral,0.77249336,3,1,0.54902405
802,focused,restless,0.6585397,3,3,0.7666703
803,calm,focused,0.35861233,2,2,0.44351926
804,neutral,overwhelmed,0.8520178,1,5,0.2867151
805,calm,neutral,0.39579755,2,1,0.26470283
806,overwhelmed,mixed,0.55529493,3,5,0.26882827
807,calm,restless,0.3025008,2,5,0.679973
808,mixed,calm,0.436045,4,4,0.3842213
809,calm,mixed,0.67106026,4,2,0.38677195
810,restless,overwhelmed,0.35371283,3,1,0.3215697
811,neutral,mixed,0.38601992,2,2,0.2929609
812,mixed,calm,0.43648148,3,1,0.65613323
813,calm,calm,0.48415703,2,2,0.49155608
814,mixed,focused,0.5307515,4,1,0.573019
815,focused,restless,0.6646988,1,5,0.5535059
816,calm,restless,0.5256962,3,2,0.600467
817,neutral,calm,0.2206322,5,3,0.33290005
818,mixed,overwhelmed,0.37048042,3,5,0.37911278
819,focused,neutral,0.5811372,2,1,0.27959707
820,neutral,restless,0.5557538,5,5,0.45947105
821,calm,overwhelmed,0.31567252,2,1,0.735707
822,calm,overwhelmed,0.25429058,4,3,0.39143047
823,calm,overwhelmed,0.5119916,3,1,0.3554879
824,mixed,focused,0.27767575,4,4,0.31127053
825,neutral,neutral,0.94413286,4,5,0.52431697
826,calm,focused,0.40986758,3,3,0.33222005
827,overwhelmed,calm,0.45082307,1,3,0.44885856
828,overwhelmed,neutral,0.5336118,1,5,0.4464686
829,mixed,mixed,0.4554108,5,3,0.38836074
830,focused,mixed,0.6730557,3,4,0.42906478
831,calm,calm,0.55543613,3,3,0.94010144
832,calm,restless,0.32516536,1,2,0.37860897
833,focused,calm,0.36296326,4,4,0.79016423
834,restless,neutral,0.7197255,3,3,0.28859323
835,mixed,restless,0.41397443,5,2,0.5697885
836,neutral,focused,0.35801756,2,1,0.2623183
837,neutral,focused,0.8462194,4,3,0.7057562
838,overwhelmed,restless,0.75933707,3,5,0.41409773
839,focused,focused,0.30794963,1,5,0.41621155
840,overwhelmed,restless,0.5236501,5,5,0.29295206
721,neutral,neutral,0.9060276,2,5,0.3637836
722,focused,calm,0.5336413,4,4,0.45283324
723,restless,restless,0.984377,3,4,0.43866655
724,mixed,mixed,0.7975069,1,4,0.26927862
725,neutral,neutral,0.83238906,4,5,0.85532767
726,calm,calm,0.5228848,5,5,0.34639752
727,overwhelmed,overwhelmed,0.91315144,3,3,0.45676705
728,focused,focused,0.96924824,3,3,0.60080445
729,focused,focused,0.80132496,1,4,0.5637831
730,overwhelmed,overwhelmed,0.9610496,3,3,0.7279469
731,calm,neutral,0.80350333,5,4,0.36938173
732,overwhelmed,overwhelmed,0.85484797,5,5,0.68749666
733,focused,focused,0.9761705,3,3,0.40007374
734,restless,restless,0.68304753,2,3,0.5164296
735,restless,calm,0.27785847,4,5,0.68777865
736,calm,calm,0.97684366,4,1,0.27021113
737,focused,focused,0.90852684,3,3,0.67906654
738,neutral,neutral,0.6966081,1,1,0.9005852
739,restless,restless,0.97890407,4,3,0.39459455
740,focused,focused,0.7245643,1,5,0.40306237
741,mixed,mixed,0.9192749,3,3,0.31154317
742,mixed,mixed,0.9214408,3,2,0.6481593
743,overwhelmed,overwhelmed,0.93867123,5,5,0.27925968
744,neutral,neutral,0.70837563,2,3,0.37238017
745,calm,calm,0.8238034,2,3,0.5616696
746,overwhelmed,overwhelmed,0.8408451,2,3,0.42094514
747,calm,mixed,0.26611137,5,3,0.52520853
748,calm,overwhelmed,0.6053139,3,2,0.36000875
749,mixed,mixed,0.85478944,3,5,0.51691014
750,neutral,focused,0.3039698,5,4,0.2613685
751,mixed,calm,0.6528463,4,2,0.3181126
752,mixed,mixed,0.2759755,5,4,0.42303714
753,mixed,mixed,0.7175114,1,5,0.67754775
754,focused,focused,0.8920389,1,4,0.486732
755,neutral,neutral,0.76437557,1,5,0.7573762
756,mixed,mixed,0.67357266,1,5,0.44996363
757,restless,restless,0.40980455,5,4,0.5518584
758,mixed,mixed,0.9358568,5,1,0.7735802
759,overwhelmed,overwhelmed,0.30449224,1,3,0.58464575
760,focused,neutral,0.50628376,1,1,0.35610244
761,focused,focused,0.6946949,2,5,0.7998588
762,focused,focused,0.35919303,4,3,0.30581045
763,neutral,neutral,0.95815974,4,2,0.6951516
764,focused,overwhelmed,0.38810587,2,5,0.36543518
765,focused,focused,0.86535335,3,4,0.67632544
766,mixed,mixed,0.99597067,5,4,0.52240354
767,neutral,neutral,0.9024382,5,5,0.2806923
768,restless,focused,0.35296208,1,5,0.29195866
769,overwhelmed,calm,0.45998165,3,5,0.2929958
770,neutral,neutral,0.76082015,3,5,0.7083181
771,neutral,neutral,0.7199353,2,5,0.75974655
772,restless,overwhelmed,0.43519,4,1,0.31352258
773,calm,calm,0.68203455,3,3,0.75002164
774,overwhelmed,neutral,0.612088,2,4,0.28557178
775,restless,restless,0.9595747,4,4,0.31224376
776,restless,restless,0.7816568,1,5,0.37732294
777,restless,restless,0.9091049,1,4,0.7145669
778,overwhelmed,neutral,0.5347484,1,5,0.8001515
779,calm,calm,0.538777,4,5,0.41226757
780,overwhelmed,calm,0.37310714,1,4,0.47199538
781,overwhelmed,overwhelmed,0.2995815,2,4,0.41428867
782,restless,restless,0.9470005,2,2,0.36756742
783,neutral,calm,0.37155747,1,5,0.45033142
784,focused,focused,0.95159525,1,4,0.32050985
785,neutral,neutral,0.8593386,5,4,0.6711871
786,mixed,neutral,0.5761586,4,4,0.43010253
787,overwhelmed,overwhelmed,0.8196998,1,5,0.3746033
788,restless,calm,0.40557995,1,4,0.44114324
789,restless,restless,0.9929021,4,5,0.6509063
790,restless,restless,0.6938496,1,4,0.96652216
791,neutral,neutral,0.5315489,5,5,0.3734908
792,calm,calm,0.97000283,3,3,0.7935093
793,restless,restless,0.41300955,4,5,0.72837764
794,mixed,mixed,0.9280809,4,2,0.5751258
795,focused,overwhelmed,0.2618864,5,3,0.6027664
796,mixed,mixed,0.3497156,3,5,0.48839784
797,calm,overwhelmed,0.5006104,4,1,0.36662918
798,mixed,calm,0.33254,3,4,0.6919646
799,mixed,neutral,0.30414426,4,1,0.32014072
800,overwhelmed,neutral,0.505354,3,2,0.53227925
801,focused,focused,0.94897145,3,4,0.38314822
802,restless,restless,0.58946514,3,3,0.39661422
803,calm,calm,0.9013036,1,3,0.6817722
804,calm,calm,0.76676,3,2,0.37326398
805,overwhelmed,overwhelmed,0.5859083,4,4,0.30075637
806,overwhelmed,mixed,0.70082414,2,3,0.40500897
807,calm,calm,0.2549777,3,1,0.3002437
808,restless,calm,0.35770974,3,4,0.6759407
809,mixed,mixed,0.5054546,1,3,0.73963714
810,focused,focused,0.33093113,3,2,0.45695898
811,focused,overwhelmed,0.7043395,4,4,0.6004015
812,mixed,overwhelmed,0.3586104,2,2,0.37760842
813,mixed,mixed,0.51101196,2,1,0.505572
814,calm,overwhelmed,0.46310526,3,4,0.6816831
815,focused,focused,0.91687113,5,5,0.45071077
816,calm,overwhelmed,0.28434253,1,1,0.69240505
817,neutral,neutral,0.89244306,3,4,0.40074372
818,restless,restless,0.45521683,4,5,0.39922196
819,neutral,neutral,0.7102704,5,3,0.39510676
820,calm,calm,0.60194314,3,4,0.4252505
821,focused,focused,0.6085922,2,5,0.29127094
822,focused,focused,0.892919,4,4,0.33390373
823,overwhelmed,overwhelmed,0.8676218,1,4,0.6032274
824,overwhelmed,mixed,0.6818653,4,4,0.36086845
825,focused,focused,0.6883386,5,5,0.3427769
826,focused,focused,0.81148165,4,1,0.40771136
827,calm,focused,0.31907213,2,4,0.36987635
828,overwhelmed,overwhelmed,0.8635018,1,5,0.36081454
829,mixed,mixed,0.82193655,1,2,0.56318796
830,neutral,neutral,0.9724574,4,3,0.4462808
831,focused,focused,0.94363827,3,4,0.8766906
832,focused,focused,0.60558325,5,3,0.715258
833,overwhelmed,mixed,0.28814104,4,4,0.56790096
834,neutral,mixed,0.4140549,5,3,0.5029383
835,restless,mixed,0.8795219,5,1,0.31231958
836,restless,mixed,0.37157136,4,3,0.38624403
837,mixed,calm,0.37993273,3,1,0.37262717
838,overwhelmed,overwhelmed,0.4485463,3,3,0.41263402
839,overwhelmed,restless,0.3733208,4,2,0.40053445
840,calm,calm,0.50113404,3,3,0.34886146
841,focused,focused,0.9549888,1,3,0.5318402
842,overwhelmed,overwhelmed,0.7212744,3,5,0.8118535
843,neutral,neutral,0.8475425,5,2,0.58035946
844,mixed,mixed,0.9382696,5,4,0.8081615
845,restless,restless,0.82667536,4,3,0.3284123
846,calm,calm,0.99191123,3,2,0.3635593
847,mixed,neutral,0.50693446,1,5,0.45673516
848,restless,overwhelmed,0.34168652,4,5,0.30529127
849,neutral,neutral,0.5604961,3,1,0.68184805
850,overwhelmed,calm,0.53714144,4,4,0.335976
851,calm,mixed,0.35260987,2,5,0.51334274
852,calm,calm,0.3902386,4,5,0.27747005
853,mixed,focused,0.44716147,2,4,0.2917621
854,neutral,focused,0.6300799,5,2,0.55167663
855,calm,calm,0.9099293,2,4,0.55140406
856,neutral,mixed,0.3115787,4,5,0.44874695
857,focused,mixed,0.57049084,5,4,0.34015948
858,mixed,restless,0.23757471,1,4,0.54161876
859,mixed,mixed,0.95675325,1,2,0.4786673
860,restless,restless,0.9336653,5,4,0.43815312
861,focused,focused,0.83067846,2,1,0.80254924
862,mixed,calm,0.48670918,5,2,0.31024146
863,overwhelmed,overwhelmed,0.4672917,3,2,0.6053129
864,calm,calm,0.63215345,3,3,0.58747065
865,neutral,neutral,0.33119172,4,3,0.5180101
866,calm,neutral,0.6809091,3,5,0.4081599
867,restless,restless,0.48747396,5,1,0.49871224
868,overwhelmed,calm,0.5884505,3,5,0.7355432
869,calm,mixed,0.47486168,2,2,0.3622279
870,focused,focused,0.26339403,4,5,0.4237144
871,neutral,restless,0.45391467,1,2,0.91059315
872,focused,focused,0.97392386,2,3,0.46291772
873,restless,restless,0.47343627,1,1,0.6079154
874,neutral,neutral,0.6707847,4,4,0.36290777
875,mixed,calm,0.80260473,5,5,0.336123
876,focused,focused,0.68858546,2,4,0.40565845
877,restless,restless,0.4529688,1,4,0.5761602
878,overwhelmed,overwhelmed,0.9714569,3,3,0.4434698
879,neutral,neutral,0.9453824,4,4,0.5325578
880,overwhelmed,overwhelmed,0.7637686,3,5,0.33343112
881,calm,restless,0.7353353,4,1,0.4887744
882,overwhelmed,overwhelmed,0.899265,3,3,0.9163099
883,overwhelmed,overwhelmed,0.94391304,2,5,0.4315031
884,mixed,focused,0.30556297,1,5,0.59944487
885,calm,mixed,0.31250054,2,4,0.41999188
886,neutral,calm,0.46688154,3,4,0.7133918
887,calm,mixed,0.57497174,2,4,0.3416688
888,neutral,calm,0.26475823,4,1,0.6485932
889,overwhelmed,overwhelmed,0.4806855,4,2,0.4677629
890,restless,restless,0.29342374,4,1,0.783375
891,calm,mixed,0.4997489,2,4,0.298094
892,overwhelmed,overwhelmed,0.9801222,4,3,0.7123925
893,neutral,mixed,0.24294083,1,5,0.55432373
894,restless,restless,0.8093805,5,1,0.43308255
895,calm,calm,0.70696807,5,4,0.28580827
896,restless,restless,0.94047016,5,4,0.38171914
897,calm,calm,0.51954466,4,4,0.3178308
898,mixed,mixed,0.9199509,5,4,0.68813926
899,calm,calm,0.8925495,4,4,0.45459372
900,restless,restless,0.7192167,4,5,0.8490407
901,neutral,focused,0.35297295,2,2,0.5657069
902,restless,mixed,0.447119,2,5,0.7100222
903,restless,restless,0.73396504,5,1,0.33042315
904,overwhelmed,overwhelmed,0.9637933,1,5,0.8189009
905,overwhelmed,overwhelmed,0.86062115,5,1,0.3243113
906,focused,focused,0.9805362,5,1,0.39162257
907,restless,restless,0.63932705,4,4,0.72722244
908,overwhelmed,overwhelmed,0.84015054,2,3,0.35956112
909,focused,focused,0.9561587,4,5,0.5445883
910,overwhelmed,restless,0.26868838,1,3,0.33826733
911,focused,focused,0.9286933,3,3,0.6562224
912,overwhelmed,overwhelmed,0.56315696,5,4,0.34114552
913,focused,focused,0.9502568,4,2,0.39965373
914,mixed,calm,0.33976248,1,2,0.6098494
915,restless,restless,0.5581195,5,3,0.3572257
916,mixed,mixed,0.52123594,4,3,0.8486129
917,mixed,mixed,0.38338608,2,3,0.8983928
918,calm,calm,0.9600017,3,3,0.45873037
919,restless,restless,0.46256587,4,5,0.5826975
920,restless,focused,0.42377797,4,5,0.34002206
921,overwhelmed,overwhelmed,0.99603736,4,4,0.37614897
922,focused,calm,0.37712535,4,1,0.39999285
923,neutral,neutral,0.8580008,3,3,0.545148
924,overwhelmed,overwhelmed,0.6030654,3,5,0.7818602
925,restless,restless,0.27886578,2,1,0.500509
926,restless,mixed,0.43951607,3,3,0.46778485
927,calm,calm,0.90943354,2,5,0.3245064
928,overwhelmed,overwhelmed,0.8400299,4,4,0.41167438
929,neutral,calm,0.5081551,3,2,0.40381765
930,overwhelmed,overwhelmed,0.8685128,2,4,0.20631205
931,focused,focused,0.9946583,4,2,0.38450596
932,restless,restless,0.9180628,5,1,0.3811624
933,focused,focused,0.4862778,4,2,0.40578276
934,overwhelmed,overwhelmed,0.98528636,2,3,0.6056409
935,focused,focused,0.36470056,4,2,0.56414557
936,restless,restless,0.9158426,4,4,0.39223507
937,mixed,calm,0.36642128,4,4,0.596415
938,focused,mixed,0.33404827,5,4,0.4204477
939,mixed,focused,0.43067017,1,3,0.58527327
940,overwhelmed,overwhelmed,0.96891564,4,1,0.42165938
941,neutral,neutral,0.5674999,2,5,0.40330198
942,overwhelmed,overwhelmed,0.787442,2,3,0.6990812
943,overwhelmed,overwhelmed,0.96785164,1,4,0.61689895
944,restless,restless,0.8192717,2,4,0.5611149
945,mixed,neutral,0.41620177,2,3,0.3164612
946,overwhelmed,overwhelmed,0.39836758,4,1,0.48916018
947,calm,calm,0.70600235,5,2,0.5562136
948,mixed,mixed,0.41261125,4,1,0.41012198
949,mixed,neutral,0.7261734,5,4,0.38264614
950,mixed,mixed,0.9964395,3,3,0.4012862
951,mixed,mixed,0.96702486,3,1,0.37097952
952,calm,focused,0.3583423,2,4,0.32378265
953,overwhelmed,overwhelmed,0.5878218,1,5,0.4462203
954,overwhelmed,overwhelmed,0.88684565,3,5,0.4834762
955,mixed,mixed,0.89188033,2,3,0.7791376
956,focused,focused,0.863416,4,1,0.7469746
957,restless,restless,0.73659116,1,3,0.6131914
958,overwhelmed,overwhelmed,0.9687622,5,3,0.3829997
959,overwhelmed,overwhelmed,0.7890678,4,3,0.57878053
960,mixed,mixed,0.87589824,3,4,0.36935085
961,overwhelmed,overwhelmed,0.87017727,3,5,0.80499476
962,neutral,neutral,0.5151167,2,2,0.59017664
963,restless,overwhelmed,0.26551643,3,5,0.5888867
964,neutral,neutral,0.8514572,4,5,0.47306153
965,calm,calm,0.23766285,2,4,0.44311282
966,overwhelmed,mixed,0.32453126,2,2,0.6185413
967,calm,neutral,0.29867843,4,3,0.48141322
968,overwhelmed,overwhelmed,0.8917438,3,1,0.8325175
969,calm,restless,0.91607904,5,4,0.53328717
970,focused,calm,0.59643054,5,2,0.4443155
971,restless,restless,0.39546183,5,2,0.2990738
972,restless,overwhelmed,0.4946003,5,1,0.4451707
973,restless,restless,0.9105202,3,3,0.5595056
974,focused,focused,0.9233497,2,1,0.5000114
975,overwhelmed,overwhelmed,0.8167278,1,4,0.36303332
976,mixed,overwhelmed,0.4035344,1,2,0.49831685
977,focused,focused,0.977843,2,3,0.3665225
978,calm,neutral,0.2784939,1,4,0.45127016
979,mixed,focused,0.34948334,1,3,0.33805326
980,mixed,restless,0.47201052,3,1,0.45573458
981,mixed,mixed,0.9955837,3,3,0.6678417
982,neutral,neutral,0.8272863,4,5,0.59295183
983,calm,calm,0.9774485,5,4,0.5992467
984,focused,focused,0.5100939,5,4,0.41825378
985,calm,calm,0.552098,1,1,0.41371542
986,calm,focused,0.7546396,5,3,0.33812279
987,focused,focused,0.7732473,5,2,0.46801832
988,mixed,mixed,0.91894895,5,5,0.744638
989,neutral,neutral,0.64337665,4,4,0.37831476
990,restless,restless,0.88531554,2,3,0.35338375
991,overwhelmed,overwhelmed,0.6797221,4,4,0.27675042
992,overwhelmed,calm,0.3799196,2,2,0.3251952
993,calm,calm,0.9925251,5,1,0.45898554
994,overwhelmed,overwhelmed,0.7460617,1,1,0.43512717
995,focused,overwhelmed,0.5220191,2,4,0.4621067
996,mixed,restless,0.36654994,2,4,0.49563292
997,mixed,mixed,0.8716616,3,2,0.47127593
998,overwhelmed,overwhelmed,0.9256296,5,3,0.7020427
999,neutral,neutral,0.71410435,4,4,0.2859388
1000,mixed,overwhelmed,0.5854567,3,2,0.579216
1001,focused,focused,0.854844,1,4,0.6249772
1002,restless,restless,0.91532785,2,1,0.44568825
1003,restless,restless,0.87061715,5,3,0.6342141
1004,neutral,neutral,0.6259771,4,4,0.40452126
1005,calm,mixed,0.41454163,5,4,0.48959294
1006,neutral,restless,0.4123793,5,2,0.54085153
1007,mixed,mixed,0.74053365,1,4,0.71587586
1008,calm,calm,0.6923985,4,3,0.45539394
1009,mixed,mixed,0.6550514,1,1,0.3817006
1010,neutral,neutral,0.47687185,1,3,0.8683224
1011,neutral,neutral,0.21857978,1,4,0.6599278
1012,focused,calm,0.54729563,1,1,0.41249505
1013,focused,focused,0.694618,1,2,0.50434697
1014,calm,mixed,0.33688387,2,4,0.4779649
1015,overwhelmed,mixed,0.49306962,4,4,0.394168
1016,restless,neutral,0.34627914,4,5,0.3685388
1017,overwhelmed,overwhelmed,0.79573935,1,1,0.46519417
1018,calm,calm,0.5518322,3,1,0.33952704
1019,neutral,neutral,0.77940464,4,4,0.57116187
1020,overwhelmed,overwhelmed,0.72065526,4,5,0.65506554
1021,calm,calm,0.69544435,4,1,0.26827556
1022,restless,restless,0.95804757,4,5,0.70233995
1023,mixed,restless,0.2891747,5,2,0.7845395
1024,overwhelmed,overwhelmed,0.5765356,5,4,0.23954384
1025,neutral,mixed,0.40313944,3,5,0.6949284
1026,focused,focused,0.88573843,1,1,0.25192752
1027,mixed,mixed,0.9812615,5,2,0.6320976
1028,restless,restless,0.95735997,5,2,0.29989296
1029,neutral,neutral,0.8446642,5,4,0.6403054
1030,mixed,mixed,0.6956626,5,3,0.3385354
1031,restless,restless,0.3879377,1,4,0.4557118
1032,calm,restless,0.5289929,4,5,0.3877651
1033,calm,calm,0.9165036,2,2,0.37490198
1034,neutral,neutral,0.85299283,3,5,0.46288446
1035,calm,focused,0.55141336,3,5,0.8141241
1036,focused,mixed,0.33154795,1,2,0.4206151
1037,calm,mixed,0.7497508,2,4,0.74213856
1038,neutral,neutral,0.9865378,4,1,0.31109524
1039,mixed,overwhelmed,0.3695516,1,1,0.82212794
1040,restless,restless,0.9071345,1,1,0.5071377
1041,mixed,focused,0.26902765,4,4,0.26369813
1042,mixed,mixed,0.7982559,1,4,0.4380988
1043,mixed,calm,0.49433494,2,1,0.8936458
1044,restless,restless,0.6806775,5,4,0.4958377
1045,focused,focused,0.87777495,5,4,0.63513756
1046,neutral,neutral,0.8839544,5,4,0.29670334
1047,neutral,neutral,0.9178327,5,5,0.47508505
1048,calm,neutral,0.63913417,1,3,0.5185261
1049,overwhelmed,neutral,0.7888715,5,5,0.73789877
1050,focused,mixed,0.65939975,3,4,0.34263766
1051,neutral,neutral,0.7317038,3,5,0.43286824
1052,calm,calm,0.6262706,1,2,0.38268346
1053,restless,overwhelmed,0.37480515,2,1,0.34030744
1054,mixed,mixed,0.91549873,5,1,0.38467315
1055,overwhelmed,calm,0.41811445,5,4,0.27696946
1056,restless,restless,0.9635453,3,4,0.7281841
1057,neutral,neutral,0.9574078,5,4,0.37326372
1058,mixed,calm,0.38613206,5,4,0.5582614
1059,neutral,neutral,0.6077112,5,4,0.3986908
1060,calm,overwhelmed,0.25087613,1,5,0.44953576
1061,focused,focused,0.5629558,1,2,0.40377736
1062,neutral,restless,0.40403944,5,4,0.87150437
1063,neutral,neutral,0.8410323,4,5,0.46767735
1064,neutral,neutral,0.3683749,4,3,0.7743653
1065,focused,overwhelmed,0.6938419,4,5,0.5234838
1066,neutral,neutral,0.5306233,3,5,0.60278285
1067,mixed,mixed,0.5956732,4,1,0.6687787
1068,mixed,overwhelmed,0.7053429,3,2,0.36975962
1069,focused,mixed,0.3370891,4,1,0.5926614
1070,neutral,calm,0.35832417,1,1,0.3292017
1071,mixed,mixed,0.83750236,4,1,0.57411015
1072,overwhelmed,restless,0.32616293,4,2,0.7838828
1073,calm,mixed,0.47331873,5,5,0.56789595
1074,calm,neutral,0.44469243,5,1,0.6508817
1075,restless,overwhelmed,0.528843,5,2,0.3093991
1076,calm,calm,0.98252124,5,3,0.24059747
1077,calm,calm,0.9191035,2,5,0.47626588
1078,mixed,restless,0.2843866,2,2,0.372069
1079,neutral,neutral,0.9116405,5,4,0.69165385
1080,mixed,mixed,0.95089734,5,5,0.2701528
